run_id,timestamp,model,prompt_id,difficulty,condition,trial,iteration,temperature,seed,errors,warnings,infos,error_categories,gen_time_s,prompt_eval_count,eval_count,was_cleaned,html_path,validation_path
gemma4-e4b_p01_t1,2026-07-03_21-16-27,gemma4:e4b,p01,simple,initial,1,0,0.2,45443,0,1,0,"{""other"": 1}",0.7735176000005595,67,65,False,./html/batch/gemma4-e4b_p01_t1_2026-07-03_21-16-27.html,./validation/batch/gemma4-e4b_p01_t1_2026-07-03_21-16-27.json
gemma4-e4b_p01_t1,2026-07-03_21-16-27,gemma4:e4b,p01,simple,feedback,1,1,0.2,45443,0,0,0,{},0.8339323999998669,235,70,False,./html/batch/reprompt/gemma4-e4b_p01_t1_feedback_2026-07-03_21-16-27_iter1.html,./validation/batch/reprompt/gemma4-e4b_p01_t1_feedback_2026-07-03_21-16-27_iter1.json
gemma4-e4b_p01_t1,2026-07-03_21-16-27,gemma4:e4b,p01,simple,blind,1,1,0.2,45443,0,0,0,{},1.1418108999996548,197,104,False,./html/batch/reprompt/gemma4-e4b_p01_t1_blind_2026-07-03_21-16-27_iter1.html,./validation/batch/reprompt/gemma4-e4b_p01_t1_blind_2026-07-03_21-16-27_iter1.json
gemma4-e4b_p01_t2,2026-07-03_21-16-29,gemma4:e4b,p01,simple,initial,2,0,0.2,94620,0,1,0,"{""other"": 1}",0.7718795999999202,67,66,False,./html/batch/gemma4-e4b_p01_t2_2026-07-03_21-16-29.html,./validation/batch/gemma4-e4b_p01_t2_2026-07-03_21-16-29.json
gemma4-e4b_p01_t2,2026-07-03_21-16-29,gemma4:e4b,p01,simple,feedback,2,1,0.2,94620,0,0,0,{},0.8400176000004649,236,71,False,./html/batch/reprompt/gemma4-e4b_p01_t2_feedback_2026-07-03_21-16-29_iter1.html,./validation/batch/reprompt/gemma4-e4b_p01_t2_feedback_2026-07-03_21-16-29_iter1.json
gemma4-e4b_p01_t2,2026-07-03_21-16-29,gemma4:e4b,p01,simple,blind,2,1,0.2,94620,0,0,0,{},1.1480074999999488,198,105,False,./html/batch/reprompt/gemma4-e4b_p01_t2_blind_2026-07-03_21-16-29_iter1.html,./validation/batch/reprompt/gemma4-e4b_p01_t2_blind_2026-07-03_21-16-29_iter1.json
gemma4-e4b_p01_t3,2026-07-03_21-16-32,gemma4:e4b,p01,simple,initial,3,0,0.2,16057,0,0,0,{},1.1210387999999512,67,104,False,./html/batch/gemma4-e4b_p01_t3_2026-07-03_21-16-32.html,./validation/batch/gemma4-e4b_p01_t3_2026-07-03_21-16-32.json
gemma4-e4b_p02_t1,2026-07-03_21-16-33,gemma4:e4b,p02,simple,initial,1,0,0.2,90179,0,0,0,{},4.807666100000461,73,477,False,./html/batch/gemma4-e4b_p02_t1_2026-07-03_21-16-33.html,./validation/batch/gemma4-e4b_p02_t1_2026-07-03_21-16-33.json
gemma4-e4b_p02_t2,2026-07-03_21-16-38,gemma4:e4b,p02,simple,initial,2,0,0.2,88965,0,0,0,{},5.168358000000808,73,501,False,./html/batch/gemma4-e4b_p02_t2_2026-07-03_21-16-38.html,./validation/batch/gemma4-e4b_p02_t2_2026-07-03_21-16-38.json
gemma4-e4b_p02_t3,2026-07-03_21-16-43,gemma4:e4b,p02,simple,initial,3,0,0.2,2101,0,0,0,{},4.6543603000000076,73,471,False,./html/batch/gemma4-e4b_p02_t3_2026-07-03_21-16-43.html,./validation/batch/gemma4-e4b_p02_t3_2026-07-03_21-16-43.json
gemma4-e4b_p03_t1,2026-07-03_21-16-48,gemma4:e4b,p03,simple,initial,1,0,0.2,38992,0,0,0,{},4.769333500000357,74,485,False,./html/batch/gemma4-e4b_p03_t1_2026-07-03_21-16-48.html,./validation/batch/gemma4-e4b_p03_t1_2026-07-03_21-16-48.json
gemma4-e4b_p03_t2,2026-07-03_21-16-53,gemma4:e4b,p03,simple,initial,2,0,0.2,76178,0,0,0,{},4.764535799999976,74,485,False,./html/batch/gemma4-e4b_p03_t2_2026-07-03_21-16-53.html,./validation/batch/gemma4-e4b_p03_t2_2026-07-03_21-16-53.json
gemma4-e4b_p03_t3,2026-07-03_21-16-58,gemma4:e4b,p03,simple,initial,3,0,0.2,96443,0,0,0,{},4.761418199999753,74,485,False,./html/batch/gemma4-e4b_p03_t3_2026-07-03_21-16-58.html,./validation/batch/gemma4-e4b_p03_t3_2026-07-03_21-16-58.json
gemma4-e4b_p04_t1,2026-07-03_21-17-02,gemma4:e4b,p04,simple,initial,1,0,0.2,30080,0,0,0,{},5.9406484000001,72,607,False,./html/batch/gemma4-e4b_p04_t1_2026-07-03_21-17-02.html,./validation/batch/gemma4-e4b_p04_t1_2026-07-03_21-17-02.json
gemma4-e4b_p04_t2,2026-07-03_21-17-08,gemma4:e4b,p04,simple,initial,2,0,0.2,97066,0,0,0,{},5.968656600000031,72,611,False,./html/batch/gemma4-e4b_p04_t2_2026-07-03_21-17-08.html,./validation/batch/gemma4-e4b_p04_t2_2026-07-03_21-17-08.json
gemma4-e4b_p04_t3,2026-07-03_21-17-14,gemma4:e4b,p04,simple,initial,3,0,0.2,83478,0,0,0,{},5.9770612000002075,72,611,False,./html/batch/gemma4-e4b_p04_t3_2026-07-03_21-17-14.html,./validation/batch/gemma4-e4b_p04_t3_2026-07-03_21-17-14.json
gemma4-e4b_p05_t1,2026-07-03_21-17-20,gemma4:e4b,p05,simple,initial,1,0,0.2,32401,0,0,0,{},4.8712469000001875,69,495,False,./html/batch/gemma4-e4b_p05_t1_2026-07-03_21-17-20.html,./validation/batch/gemma4-e4b_p05_t1_2026-07-03_21-17-20.json
gemma4-e4b_p05_t2,2026-07-03_21-17-25,gemma4:e4b,p05,simple,initial,2,0,0.2,97566,0,0,0,{},4.745647700000518,69,483,False,./html/batch/gemma4-e4b_p05_t2_2026-07-03_21-17-25.html,./validation/batch/gemma4-e4b_p05_t2_2026-07-03_21-17-25.json
gemma4-e4b_p05_t3,2026-07-03_21-17-30,gemma4:e4b,p05,simple,initial,3,0,0.2,3953,0,0,0,{},5.179760900000474,69,528,False,./html/batch/gemma4-e4b_p05_t3_2026-07-03_21-17-30.html,./validation/batch/gemma4-e4b_p05_t3_2026-07-03_21-17-30.json
gemma4-e4b_p06_t1,2026-07-03_21-17-35,gemma4:e4b,p06,simple,initial,1,0,0.2,24322,0,0,0,{},6.103323299999829,70,624,False,./html/batch/gemma4-e4b_p06_t1_2026-07-03_21-17-35.html,./validation/batch/gemma4-e4b_p06_t1_2026-07-03_21-17-35.json
gemma4-e4b_p06_t2,2026-07-03_21-17-41,gemma4:e4b,p06,simple,initial,2,0,0.2,81588,0,0,0,{},6.3107867999997325,70,646,False,./html/batch/gemma4-e4b_p06_t2_2026-07-03_21-17-41.html,./validation/batch/gemma4-e4b_p06_t2_2026-07-03_21-17-41.json
gemma4-e4b_p06_t3,2026-07-03_21-17-48,gemma4:e4b,p06,simple,initial,3,0,0.2,86215,0,0,0,{},6.10254520000035,70,624,False,./html/batch/gemma4-e4b_p06_t3_2026-07-03_21-17-48.html,./validation/batch/gemma4-e4b_p06_t3_2026-07-03_21-17-48.json
gemma4-e4b_p07_t1,2026-07-03_21-17-54,gemma4:e4b,p07,simple,initial,1,0,0.2,100923,0,0,0,{},6.468035999999302,66,513,False,./html/batch/gemma4-e4b_p07_t1_2026-07-03_21-17-54.html,./validation/batch/gemma4-e4b_p07_t1_2026-07-03_21-17-54.json
gemma4-e4b_p07_t2,2026-07-03_21-18-00,gemma4:e4b,p07,simple,initial,2,0,0.2,19587,0,0,0,{},5.502393800000391,66,562,False,./html/batch/gemma4-e4b_p07_t2_2026-07-03_21-18-00.html,./validation/batch/gemma4-e4b_p07_t2_2026-07-03_21-18-00.json
gemma4-e4b_p07_t3,2026-07-03_21-18-06,gemma4:e4b,p07,simple,initial,3,0,0.2,30923,0,0,0,{},5.3901771000000736,66,550,False,./html/batch/gemma4-e4b_p07_t3_2026-07-03_21-18-06.html,./validation/batch/gemma4-e4b_p07_t3_2026-07-03_21-18-06.json
gemma4-e4b_p10_t1,2026-07-03_21-18-11,gemma4:e4b,p10,simple,initial,1,0,0.2,76257,0,0,0,{},6.680658299999777,67,683,False,./html/batch/gemma4-e4b_p10_t1_2026-07-03_21-18-11.html,./validation/batch/gemma4-e4b_p10_t1_2026-07-03_21-18-11.json
gemma4-e4b_p10_t2,2026-07-03_21-18-18,gemma4:e4b,p10,simple,initial,2,0,0.2,74406,2,0,0,"{""other"": 2}",5.380246300000181,67,529,False,./html/batch/gemma4-e4b_p10_t2_2026-07-03_21-18-18.html,./validation/batch/gemma4-e4b_p10_t2_2026-07-03_21-18-18.json
gemma4-e4b_p10_t2,2026-07-03_21-18-18,gemma4:e4b,p10,simple,feedback,2,1,0.2,74406,0,0,0,{},5.560978800000157,750,523,False,./html/batch/reprompt/gemma4-e4b_p10_t2_feedback_2026-07-03_21-18-18_iter1.html,./validation/batch/reprompt/gemma4-e4b_p10_t2_feedback_2026-07-03_21-18-18_iter1.json
gemma4-e4b_p10_t2,2026-07-03_21-18-18,gemma4:e4b,p10,simple,blind,2,1,0.2,74406,0,0,0,{},5.265276500000255,665,530,False,./html/batch/reprompt/gemma4-e4b_p10_t2_blind_2026-07-03_21-18-18_iter1.html,./validation/batch/reprompt/gemma4-e4b_p10_t2_blind_2026-07-03_21-18-18_iter1.json
gemma4-e4b_p10_t3,2026-07-03_21-18-34,gemma4:e4b,p10,simple,initial,3,0,0.2,15198,0,0,0,{},6.1671910999994,67,633,False,./html/batch/gemma4-e4b_p10_t3_2026-07-03_21-18-34.html,./validation/batch/gemma4-e4b_p10_t3_2026-07-03_21-18-34.json
gemma4-e4b_p14_t1,2026-07-03_21-18-40,gemma4:e4b,p14,simple,initial,1,0,0.2,47025,0,0,0,{},12.111147999999957,73,1247,False,./html/batch/gemma4-e4b_p14_t1_2026-07-03_21-18-40.html,./validation/batch/gemma4-e4b_p14_t1_2026-07-03_21-18-40.json
gemma4-e4b_p14_t2,2026-07-03_21-18-53,gemma4:e4b,p14,simple,initial,2,0,0.2,98132,0,0,0,{},12.002637999999934,73,1236,False,./html/batch/gemma4-e4b_p14_t2_2026-07-03_21-18-53.html,./validation/batch/gemma4-e4b_p14_t2_2026-07-03_21-18-53.json
gemma4-e4b_p14_t3,2026-07-03_21-19-05,gemma4:e4b,p14,simple,initial,3,0,0.2,61516,0,0,0,{},12.259624799999983,73,1263,False,./html/batch/gemma4-e4b_p14_t3_2026-07-03_21-19-05.html,./validation/batch/gemma4-e4b_p14_t3_2026-07-03_21-19-05.json
gemma4-e4b_p22_t1,2026-07-03_21-19-17,gemma4:e4b,p22,simple,initial,1,0,0.2,19844,0,0,0,{},6.289696799999547,68,646,False,./html/batch/gemma4-e4b_p22_t1_2026-07-03_21-19-17.html,./validation/batch/gemma4-e4b_p22_t1_2026-07-03_21-19-17.json
gemma4-e4b_p22_t2,2026-07-03_21-19-23,gemma4:e4b,p22,simple,initial,2,0,0.2,58930,0,0,0,{},12.124502600000596,68,1249,False,./html/batch/gemma4-e4b_p22_t2_2026-07-03_21-19-23.html,./validation/batch/gemma4-e4b_p22_t2_2026-07-03_21-19-23.json
gemma4-e4b_p22_t3,2026-07-03_21-19-35,gemma4:e4b,p22,simple,initial,3,0,0.2,92907,0,0,0,{},8.343709300000228,68,858,False,./html/batch/gemma4-e4b_p22_t3_2026-07-03_21-19-35.html,./validation/batch/gemma4-e4b_p22_t3_2026-07-03_21-19-35.json
gemma4-e4b_p24_t1,2026-07-03_21-19-44,gemma4:e4b,p24,simple,initial,1,0,0.2,25439,0,0,0,{},12.266063099999883,69,1259,False,./html/batch/gemma4-e4b_p24_t1_2026-07-03_21-19-44.html,./validation/batch/gemma4-e4b_p24_t1_2026-07-03_21-19-44.json
gemma4-e4b_p24_t2,2026-07-03_21-19-56,gemma4:e4b,p24,simple,initial,2,0,0.2,12210,0,0,0,{},12.085067200000594,69,1242,False,./html/batch/gemma4-e4b_p24_t2_2026-07-03_21-19-56.html,./validation/batch/gemma4-e4b_p24_t2_2026-07-03_21-19-56.json
gemma4-e4b_p24_t3,2026-07-03_21-20-08,gemma4:e4b,p24,simple,initial,3,0,0.2,44796,0,0,0,{},11.997075299999779,69,1233,False,./html/batch/gemma4-e4b_p24_t3_2026-07-03_21-20-08.html,./validation/batch/gemma4-e4b_p24_t3_2026-07-03_21-20-08.json
gemma4-e4b_p25_t1,2026-07-03_21-20-20,gemma4:e4b,p25,simple,initial,1,0,0.2,11639,1,0,0,"{""other"": 1}",6.456445199999507,67,661,False,./html/batch/gemma4-e4b_p25_t1_2026-07-03_21-20-20.html,./validation/batch/gemma4-e4b_p25_t1_2026-07-03_21-20-20.json
gemma4-e4b_p25_t1,2026-07-03_21-20-20,gemma4:e4b,p25,simple,feedback,1,1,0.2,11639,0,0,0,{},6.602853300000788,840,652,False,./html/batch/reprompt/gemma4-e4b_p25_t1_feedback_2026-07-03_21-20-20_iter1.html,./validation/batch/reprompt/gemma4-e4b_p25_t1_feedback_2026-07-03_21-20-20_iter1.json
gemma4-e4b_p25_t1,2026-07-03_21-20-20,gemma4:e4b,p25,simple,blind,1,1,0.2,11639,1,0,0,"{""other"": 1}",6.591107399999601,795,661,False,./html/batch/reprompt/gemma4-e4b_p25_t1_blind_2026-07-03_21-20-20_iter1.html,./validation/batch/reprompt/gemma4-e4b_p25_t1_blind_2026-07-03_21-20-20_iter1.json
gemma4-e4b_p25_t1,2026-07-03_21-20-20,gemma4:e4b,p25,simple,blind,1,2,0.2,11639,1,0,0,"{""other"": 1}",6.658132200000182,795,661,False,./html/batch/reprompt/gemma4-e4b_p25_t1_blind_2026-07-03_21-20-20_iter2.html,./validation/batch/reprompt/gemma4-e4b_p25_t1_blind_2026-07-03_21-20-20_iter2.json
gemma4-e4b_p25_t1,2026-07-03_21-20-20,gemma4:e4b,p25,simple,blind,1,3,0.2,11639,1,0,0,"{""other"": 1}",6.67903060000026,795,661,False,./html/batch/reprompt/gemma4-e4b_p25_t1_blind_2026-07-03_21-20-20_iter3.html,./validation/batch/reprompt/gemma4-e4b_p25_t1_blind_2026-07-03_21-20-20_iter3.json
gemma4-e4b_p25_t2,2026-07-03_21-20-53,gemma4:e4b,p25,simple,initial,2,0,0.2,19404,0,0,0,{},6.27011179999954,67,630,False,./html/batch/gemma4-e4b_p25_t2_2026-07-03_21-20-53.html,./validation/batch/gemma4-e4b_p25_t2_2026-07-03_21-20-53.json
gemma4-e4b_p25_t3,2026-07-03_21-20-59,gemma4:e4b,p25,simple,initial,3,0,0.2,48208,0,0,0,{},6.515761999999995,67,669,False,./html/batch/gemma4-e4b_p25_t3_2026-07-03_21-20-59.html,./validation/batch/gemma4-e4b_p25_t3_2026-07-03_21-20-59.json
gemma4-e4b_p36_t1,2026-07-03_21-21-06,gemma4:e4b,p36,simple,initial,1,0,0.2,93717,0,0,0,{},7.707716199999595,65,652,False,./html/batch/gemma4-e4b_p36_t1_2026-07-03_21-21-06.html,./validation/batch/gemma4-e4b_p36_t1_2026-07-03_21-21-06.json
gemma4-e4b_p36_t2,2026-07-03_21-21-14,gemma4:e4b,p36,simple,initial,2,0,0.2,31429,0,0,0,{},6.510085899999467,65,669,False,./html/batch/gemma4-e4b_p36_t2_2026-07-03_21-21-14.html,./validation/batch/gemma4-e4b_p36_t2_2026-07-03_21-21-14.json
gemma4-e4b_p36_t3,2026-07-03_21-21-20,gemma4:e4b,p36,simple,initial,3,0,0.2,26758,0,0,0,{},7.2599421999993865,65,747,False,./html/batch/gemma4-e4b_p36_t3_2026-07-03_21-21-20.html,./validation/batch/gemma4-e4b_p36_t3_2026-07-03_21-21-20.json
gemma4-e4b_p08_t1,2026-07-03_21-21-28,gemma4:e4b,p08,medium,initial,1,0,0.2,81534,0,0,0,{},5.057656400000269,70,516,False,./html/batch/gemma4-e4b_p08_t1_2026-07-03_21-21-28.html,./validation/batch/gemma4-e4b_p08_t1_2026-07-03_21-21-28.json
gemma4-e4b_p08_t2,2026-07-03_21-21-33,gemma4:e4b,p08,medium,initial,2,0,0.2,88742,0,0,0,{},5.140913999999611,70,525,False,./html/batch/gemma4-e4b_p08_t2_2026-07-03_21-21-33.html,./validation/batch/gemma4-e4b_p08_t2_2026-07-03_21-21-33.json
gemma4-e4b_p08_t3,2026-07-03_21-21-38,gemma4:e4b,p08,medium,initial,3,0,0.2,22285,0,1,0,"{""other"": 1}",4.943375800000467,70,505,False,./html/batch/gemma4-e4b_p08_t3_2026-07-03_21-21-38.html,./validation/batch/gemma4-e4b_p08_t3_2026-07-03_21-21-38.json
gemma4-e4b_p08_t3,2026-07-03_21-21-38,gemma4:e4b,p08,medium,feedback,3,1,0.2,22285,0,0,0,{},5.160223700000643,672,510,False,./html/batch/reprompt/gemma4-e4b_p08_t3_feedback_2026-07-03_21-21-38_iter1.html,./validation/batch/reprompt/gemma4-e4b_p08_t3_feedback_2026-07-03_21-21-38_iter1.json
gemma4-e4b_p08_t3,2026-07-03_21-21-38,gemma4:e4b,p08,medium,blind,3,1,0.2,22285,0,0,0,{},5.5502529999994294,634,560,False,./html/batch/reprompt/gemma4-e4b_p08_t3_blind_2026-07-03_21-21-38_iter1.html,./validation/batch/reprompt/gemma4-e4b_p08_t3_blind_2026-07-03_21-21-38_iter1.json
gemma4-e4b_p09_t1,2026-07-03_21-21-53,gemma4:e4b,p09,medium,initial,1,0,0.2,24930,1,0,0,"{""other"": 1}",9.491799500000525,67,976,False,./html/batch/gemma4-e4b_p09_t1_2026-07-03_21-21-53.html,./validation/batch/gemma4-e4b_p09_t1_2026-07-03_21-21-53.json
gemma4-e4b_p09_t1,2026-07-03_21-21-53,gemma4:e4b,p09,medium,feedback,1,1,0.2,24930,1,0,0,"{""other"": 1}",9.92081859999962,1183,976,False,./html/batch/reprompt/gemma4-e4b_p09_t1_feedback_2026-07-03_21-21-53_iter1.html,./validation/batch/reprompt/gemma4-e4b_p09_t1_feedback_2026-07-03_21-21-53_iter1.json
gemma4-e4b_p09_t1,2026-07-03_21-21-53,gemma4:e4b,p09,medium,feedback,1,2,0.2,24930,1,0,0,"{""other"": 1}",9.75659210000049,1183,976,False,./html/batch/reprompt/gemma4-e4b_p09_t1_feedback_2026-07-03_21-21-53_iter2.html,./validation/batch/reprompt/gemma4-e4b_p09_t1_feedback_2026-07-03_21-21-53_iter2.json
gemma4-e4b_p09_t1,2026-07-03_21-21-53,gemma4:e4b,p09,medium,feedback,1,3,0.2,24930,1,0,0,"{""other"": 1}",9.895366100000501,1183,976,False,./html/batch/reprompt/gemma4-e4b_p09_t1_feedback_2026-07-03_21-21-53_iter3.html,./validation/batch/reprompt/gemma4-e4b_p09_t1_feedback_2026-07-03_21-21-53_iter3.json
gemma4-e4b_p09_t1,2026-07-03_21-21-53,gemma4:e4b,p09,medium,blind,1,1,0.2,24930,1,0,0,"{""other"": 1}",9.734911300000022,1132,976,False,./html/batch/reprompt/gemma4-e4b_p09_t1_blind_2026-07-03_21-21-53_iter1.html,./validation/batch/reprompt/gemma4-e4b_p09_t1_blind_2026-07-03_21-21-53_iter1.json
gemma4-e4b_p09_t1,2026-07-03_21-21-53,gemma4:e4b,p09,medium,blind,1,2,0.2,24930,1,0,0,"{""other"": 1}",9.717764500000158,1132,976,False,./html/batch/reprompt/gemma4-e4b_p09_t1_blind_2026-07-03_21-21-53_iter2.html,./validation/batch/reprompt/gemma4-e4b_p09_t1_blind_2026-07-03_21-21-53_iter2.json
gemma4-e4b_p09_t1,2026-07-03_21-21-53,gemma4:e4b,p09,medium,blind,1,3,0.2,24930,1,0,0,"{""other"": 1}",9.808808000000681,1132,976,False,./html/batch/reprompt/gemma4-e4b_p09_t1_blind_2026-07-03_21-21-53_iter3.html,./validation/batch/reprompt/gemma4-e4b_p09_t1_blind_2026-07-03_21-21-53_iter3.json
gemma4-e4b_p09_t2,2026-07-03_21-23-02,gemma4:e4b,p09,medium,initial,2,0,0.2,7816,0,0,0,{},10.083155199999965,67,1039,False,./html/batch/gemma4-e4b_p09_t2_2026-07-03_21-23-02.html,./validation/batch/gemma4-e4b_p09_t2_2026-07-03_21-23-02.json
gemma4-e4b_p09_t3,2026-07-03_21-23-12,gemma4:e4b,p09,medium,initial,3,0,0.2,11298,0,0,0,{},10.63764540000011,67,1096,False,./html/batch/gemma4-e4b_p09_t3_2026-07-03_21-23-12.html,./validation/batch/gemma4-e4b_p09_t3_2026-07-03_21-23-12.json
gemma4-e4b_p11_t1,2026-07-03_21-23-23,gemma4:e4b,p11,medium,initial,1,0,0.2,5203,0,1,0,"{""other"": 1}",6.880052799999248,68,707,False,./html/batch/gemma4-e4b_p11_t1_2026-07-03_21-23-23.html,./validation/batch/gemma4-e4b_p11_t1_2026-07-03_21-23-23.json
gemma4-e4b_p11_t1,2026-07-03_21-23-23,gemma4:e4b,p11,medium,feedback,1,1,0.2,5203,0,0,0,{},7.302363999999216,888,724,False,./html/batch/reprompt/gemma4-e4b_p11_t1_feedback_2026-07-03_21-23-23_iter1.html,./validation/batch/reprompt/gemma4-e4b_p11_t1_feedback_2026-07-03_21-23-23_iter1.json
gemma4-e4b_p11_t1,2026-07-03_21-23-23,gemma4:e4b,p11,medium,blind,1,1,0.2,5203,0,0,0,{},7.402768800000558,850,746,False,./html/batch/reprompt/gemma4-e4b_p11_t1_blind_2026-07-03_21-23-23_iter1.html,./validation/batch/reprompt/gemma4-e4b_p11_t1_blind_2026-07-03_21-23-23_iter1.json
gemma4-e4b_p11_t2,2026-07-03_21-23-44,gemma4:e4b,p11,medium,initial,2,0,0.2,14913,0,0,0,{},7.135814400000527,68,726,False,./html/batch/gemma4-e4b_p11_t2_2026-07-03_21-23-44.html,./validation/batch/gemma4-e4b_p11_t2_2026-07-03_21-23-44.json
gemma4-e4b_p11_t3,2026-07-03_21-23-51,gemma4:e4b,p11,medium,initial,3,0,0.2,71996,0,1,0,"{""other"": 1}",7.658560900000339,68,780,False,./html/batch/gemma4-e4b_p11_t3_2026-07-03_21-23-51.html,./validation/batch/gemma4-e4b_p11_t3_2026-07-03_21-23-51.json
gemma4-e4b_p11_t3,2026-07-03_21-23-51,gemma4:e4b,p11,medium,feedback,3,1,0.2,71996,0,0,0,{},8.12655790000008,957,793,False,./html/batch/reprompt/gemma4-e4b_p11_t3_feedback_2026-07-03_21-23-51_iter1.html,./validation/batch/reprompt/gemma4-e4b_p11_t3_feedback_2026-07-03_21-23-51_iter1.json
gemma4-e4b_p11_t3,2026-07-03_21-23-51,gemma4:e4b,p11,medium,blind,3,1,0.2,71996,0,0,0,{},8.162022499999694,919,819,False,./html/batch/reprompt/gemma4-e4b_p11_t3_blind_2026-07-03_21-23-51_iter1.html,./validation/batch/reprompt/gemma4-e4b_p11_t3_blind_2026-07-03_21-23-51_iter1.json
gemma4-e4b_p12_t1,2026-07-03_21-24-15,gemma4:e4b,p12,medium,initial,1,0,0.2,14373,0,0,0,{},11.393815400000676,69,1173,False,./html/batch/gemma4-e4b_p12_t1_2026-07-03_21-24-15.html,./validation/batch/gemma4-e4b_p12_t1_2026-07-03_21-24-15.json
gemma4-e4b_p12_t2,2026-07-03_21-24-27,gemma4:e4b,p12,medium,initial,2,0,0.2,59021,0,0,0,{},10.64449969999987,69,1097,False,./html/batch/gemma4-e4b_p12_t2_2026-07-03_21-24-27.html,./validation/batch/gemma4-e4b_p12_t2_2026-07-03_21-24-27.json
gemma4-e4b_p12_t3,2026-07-03_21-24-38,gemma4:e4b,p12,medium,initial,3,0,0.2,22795,0,0,0,{},11.853734499999518,69,1220,False,./html/batch/gemma4-e4b_p12_t3_2026-07-03_21-24-38.html,./validation/batch/gemma4-e4b_p12_t3_2026-07-03_21-24-38.json
gemma4-e4b_p13_t1,2026-07-03_21-24-49,gemma4:e4b,p13,medium,initial,1,0,0.2,62306,1,0,0,"{""other"": 1}",12.259316600000602,66,1257,False,./html/batch/gemma4-e4b_p13_t1_2026-07-03_21-24-49.html,./validation/batch/gemma4-e4b_p13_t1_2026-07-03_21-24-49.json
gemma4-e4b_p13_t1,2026-07-03_21-24-49,gemma4:e4b,p13,medium,feedback,1,1,0.2,62306,1,0,0,"{""other"": 1}",12.710214300000189,1476,1238,False,./html/batch/reprompt/gemma4-e4b_p13_t1_feedback_2026-07-03_21-24-49_iter1.html,./validation/batch/reprompt/gemma4-e4b_p13_t1_feedback_2026-07-03_21-24-49_iter1.json
gemma4-e4b_p13_t1,2026-07-03_21-24-49,gemma4:e4b,p13,medium,feedback,1,2,0.2,62306,0,0,0,{},13.029507400000512,1439,1262,False,./html/batch/reprompt/gemma4-e4b_p13_t1_feedback_2026-07-03_21-24-49_iter2.html,./validation/batch/reprompt/gemma4-e4b_p13_t1_feedback_2026-07-03_21-24-49_iter2.json
gemma4-e4b_p13_t1,2026-07-03_21-24-49,gemma4:e4b,p13,medium,blind,1,1,0.2,62306,5,4,0,"{""other"": 9}",13.421412100000452,1438,1321,False,./html/batch/reprompt/gemma4-e4b_p13_t1_blind_2026-07-03_21-24-49_iter1.html,./validation/batch/reprompt/gemma4-e4b_p13_t1_blind_2026-07-03_21-24-49_iter1.json
gemma4-e4b_p13_t1,2026-07-03_21-24-49,gemma4:e4b,p13,medium,blind,1,2,0.2,62306,5,4,0,"{""other"": 9}",13.939254099999744,1490,1366,False,./html/batch/reprompt/gemma4-e4b_p13_t1_blind_2026-07-03_21-24-49_iter2.html,./validation/batch/reprompt/gemma4-e4b_p13_t1_blind_2026-07-03_21-24-49_iter2.json
gemma4-e4b_p13_t1,2026-07-03_21-24-49,gemma4:e4b,p13,medium,blind,1,3,0.2,62306,5,4,0,"{""other"": 9}",13.612392800001544,1535,1330,False,./html/batch/reprompt/gemma4-e4b_p13_t1_blind_2026-07-03_21-24-49_iter3.html,./validation/batch/reprompt/gemma4-e4b_p13_t1_blind_2026-07-03_21-24-49_iter3.json
gemma4-e4b_p13_t2,2026-07-03_21-26-09,gemma4:e4b,p13,medium,initial,2,0,0.2,66712,0,0,0,{},9.543961299999864,66,976,False,./html/batch/gemma4-e4b_p13_t2_2026-07-03_21-26-09.html,./validation/batch/gemma4-e4b_p13_t2_2026-07-03_21-26-09.json
gemma4-e4b_p13_t3,2026-07-03_21-26-18,gemma4:e4b,p13,medium,initial,3,0,0.2,71647,3,0,0,"{""other"": 3}",12.118824400000449,66,1197,False,./html/batch/gemma4-e4b_p13_t3_2026-07-03_21-26-18.html,./validation/batch/gemma4-e4b_p13_t3_2026-07-03_21-26-18.json
gemma4-e4b_p13_t3,2026-07-03_21-26-18,gemma4:e4b,p13,medium,feedback,3,1,0.2,71647,3,0,0,"{""other"": 3}",14.42961060000016,1470,1328,False,./html/batch/reprompt/gemma4-e4b_p13_t3_feedback_2026-07-03_21-26-18_iter1.html,./validation/batch/reprompt/gemma4-e4b_p13_t3_feedback_2026-07-03_21-26-18_iter1.json
gemma4-e4b_p13_t3,2026-07-03_21-26-18,gemma4:e4b,p13,medium,feedback,3,2,0.2,71647,1,0,0,"{""other"": 1}",14.823015599999053,1590,1302,False,./html/batch/reprompt/gemma4-e4b_p13_t3_feedback_2026-07-03_21-26-18_iter2.html,./validation/batch/reprompt/gemma4-e4b_p13_t3_feedback_2026-07-03_21-26-18_iter2.json
gemma4-e4b_p13_t3,2026-07-03_21-26-18,gemma4:e4b,p13,medium,feedback,3,3,0.2,71647,0,0,0,{},15.15418359999967,1512,1339,False,./html/batch/reprompt/gemma4-e4b_p13_t3_feedback_2026-07-03_21-26-18_iter3.html,./validation/batch/reprompt/gemma4-e4b_p13_t3_feedback_2026-07-03_21-26-18_iter3.json
gemma4-e4b_p13_t3,2026-07-03_21-26-18,gemma4:e4b,p13,medium,blind,3,1,0.2,71647,3,0,0,"{""other"": 3}",14.826062100000854,1382,1322,False,./html/batch/reprompt/gemma4-e4b_p13_t3_blind_2026-07-03_21-26-18_iter1.html,./validation/batch/reprompt/gemma4-e4b_p13_t3_blind_2026-07-03_21-26-18_iter1.json
gemma4-e4b_p13_t3,2026-07-03_21-26-18,gemma4:e4b,p13,medium,blind,3,2,0.2,71647,3,0,0,"{""other"": 3}",15.908252599998377,1495,1395,False,./html/batch/reprompt/gemma4-e4b_p13_t3_blind_2026-07-03_21-26-18_iter2.html,./validation/batch/reprompt/gemma4-e4b_p13_t3_blind_2026-07-03_21-26-18_iter2.json
gemma4-e4b_p13_t3,2026-07-03_21-26-18,gemma4:e4b,p13,medium,blind,3,3,0.2,71647,3,0,0,"{""other"": 3}",15.990733299999192,1565,1395,False,./html/batch/reprompt/gemma4-e4b_p13_t3_blind_2026-07-03_21-26-18_iter3.html,./validation/batch/reprompt/gemma4-e4b_p13_t3_blind_2026-07-03_21-26-18_iter3.json
gemma4-e4b_p15_t1,2026-07-03_21-28-02,gemma4:e4b,p15,medium,initial,1,0,0.2,3441,0,0,0,{},9.725286900000356,74,896,False,./html/batch/gemma4-e4b_p15_t1_2026-07-03_21-28-02.html,./validation/batch/gemma4-e4b_p15_t1_2026-07-03_21-28-02.json
gemma4-e4b_p15_t2,2026-07-03_21-28-11,gemma4:e4b,p15,medium,initial,2,0,0.2,58203,0,0,0,{},9.229855900000985,74,869,False,./html/batch/gemma4-e4b_p15_t2_2026-07-03_21-28-11.html,./validation/batch/gemma4-e4b_p15_t2_2026-07-03_21-28-11.json
gemma4-e4b_p15_t3,2026-07-03_21-28-21,gemma4:e4b,p15,medium,initial,3,0,0.2,51412,0,0,0,{},8.623540000000503,74,848,False,./html/batch/gemma4-e4b_p15_t3_2026-07-03_21-28-21.html,./validation/batch/gemma4-e4b_p15_t3_2026-07-03_21-28-21.json
gemma4-e4b_p16_t1,2026-07-03_21-28-29,gemma4:e4b,p16,medium,initial,1,0,0.2,69613,0,0,0,{},11.754094100000657,67,1090,False,./html/batch/gemma4-e4b_p16_t1_2026-07-03_21-28-29.html,./validation/batch/gemma4-e4b_p16_t1_2026-07-03_21-28-29.json
gemma4-e4b_p16_t2,2026-07-03_21-28-41,gemma4:e4b,p16,medium,initial,2,0,0.2,74874,0,0,0,{},12.47511459999987,67,1175,False,./html/batch/gemma4-e4b_p16_t2_2026-07-03_21-28-41.html,./validation/batch/gemma4-e4b_p16_t2_2026-07-03_21-28-41.json
gemma4-e4b_p16_t3,2026-07-03_21-28-53,gemma4:e4b,p16,medium,initial,3,0,0.2,52025,0,0,0,{},15.180075899999792,67,1418,False,./html/batch/gemma4-e4b_p16_t3_2026-07-03_21-28-53.html,./validation/batch/gemma4-e4b_p16_t3_2026-07-03_21-28-53.json
gemma4-e4b_p17_t1,2026-07-03_21-29-09,gemma4:e4b,p17,medium,initial,1,0,0.2,64978,0,0,0,{},15.974758500000462,67,1469,False,./html/batch/gemma4-e4b_p17_t1_2026-07-03_21-29-09.html,./validation/batch/gemma4-e4b_p17_t1_2026-07-03_21-29-09.json
gemma4-e4b_p17_t2,2026-07-03_21-29-25,gemma4:e4b,p17,medium,initial,2,0,0.2,54927,0,0,0,{},17.664886200000183,67,1652,False,./html/batch/gemma4-e4b_p17_t2_2026-07-03_21-29-25.html,./validation/batch/gemma4-e4b_p17_t2_2026-07-03_21-29-25.json
gemma4-e4b_p17_t3,2026-07-03_21-29-42,gemma4:e4b,p17,medium,initial,3,0,0.2,42984,0,0,0,{},20.9199938999991,67,1950,False,./html/batch/gemma4-e4b_p17_t3_2026-07-03_21-29-42.html,./validation/batch/gemma4-e4b_p17_t3_2026-07-03_21-29-42.json
gemma4-e4b_p18_t1,2026-07-03_21-30-03,gemma4:e4b,p18,medium,initial,1,0,0.2,52471,0,0,0,{},12.02688390000003,68,1119,False,./html/batch/gemma4-e4b_p18_t1_2026-07-03_21-30-03.html,./validation/batch/gemma4-e4b_p18_t1_2026-07-03_21-30-03.json
gemma4-e4b_p18_t2,2026-07-03_21-30-15,gemma4:e4b,p18,medium,initial,2,0,0.2,3356,0,0,0,{},11.771930700000667,68,1100,False,./html/batch/gemma4-e4b_p18_t2_2026-07-03_21-30-15.html,./validation/batch/gemma4-e4b_p18_t2_2026-07-03_21-30-15.json
gemma4-e4b_p18_t3,2026-07-03_21-30-27,gemma4:e4b,p18,medium,initial,3,0,0.2,58743,0,0,0,{},13.63464059999933,68,1248,False,./html/batch/gemma4-e4b_p18_t3_2026-07-03_21-30-27.html,./validation/batch/gemma4-e4b_p18_t3_2026-07-03_21-30-27.json
gemma4-e4b_p19_t1,2026-07-03_21-30-41,gemma4:e4b,p19,medium,initial,1,0,0.2,64318,0,0,0,{},24.983177799998884,68,2548,False,./html/batch/gemma4-e4b_p19_t1_2026-07-03_21-30-41.html,./validation/batch/gemma4-e4b_p19_t1_2026-07-03_21-30-41.json
gemma4-e4b_p19_t2,2026-07-03_21-31-06,gemma4:e4b,p19,medium,initial,2,0,0.2,68415,6,1,0,"{""other"": 7}",21.563427499999307,68,2196,False,./html/batch/gemma4-e4b_p19_t2_2026-07-03_21-31-06.html,./validation/batch/gemma4-e4b_p19_t2_2026-07-03_21-31-06.json
gemma4-e4b_p19_t2,2026-07-03_21-31-06,gemma4:e4b,p19,medium,feedback,2,1,0.2,68415,5,6,0,"{""other"": 11}",20.204373500000656,2579,1805,True,./html/batch/reprompt/gemma4-e4b_p19_t2_feedback_2026-07-03_21-31-06_iter1.html,./validation/batch/reprompt/gemma4-e4b_p19_t2_feedback_2026-07-03_21-31-06_iter1.json
gemma4-e4b_p19_t2,2026-07-03_21-31-06,gemma4:e4b,p19,medium,feedback,2,2,0.2,68415,0,4,0,"{""other"": 4}",24.148095500000636,2358,1824,False,./html/batch/reprompt/gemma4-e4b_p19_t2_feedback_2026-07-03_21-31-06_iter2.html,./validation/batch/reprompt/gemma4-e4b_p19_t2_feedback_2026-07-03_21-31-06_iter2.json
gemma4-e4b_p19_t2,2026-07-03_21-31-06,gemma4:e4b,p19,medium,feedback,2,3,0.2,68415,0,3,0,"{""other"": 3}",25.027429400000983,2169,1898,False,./html/batch/reprompt/gemma4-e4b_p19_t2_feedback_2026-07-03_21-31-06_iter3.html,./validation/batch/reprompt/gemma4-e4b_p19_t2_feedback_2026-07-03_21-31-06_iter3.json
gemma4-e4b_p19_t2,2026-07-03_21-31-06,gemma4:e4b,p19,medium,blind,2,1,0.2,68415,3,0,0,"{""other"": 3}",30.680590300000404,2383,2340,False,./html/batch/reprompt/gemma4-e4b_p19_t2_blind_2026-07-03_21-31-06_iter1.html,./validation/batch/reprompt/gemma4-e4b_p19_t2_blind_2026-07-03_21-31-06_iter1.json
gemma4-e4b_p19_t2,2026-07-03_21-31-06,gemma4:e4b,p19,medium,blind,2,2,0.2,68415,2,0,0,"{""other"": 2}",28.26295729999947,2531,2136,False,./html/batch/reprompt/gemma4-e4b_p19_t2_blind_2026-07-03_21-31-06_iter2.html,./validation/batch/reprompt/gemma4-e4b_p19_t2_blind_2026-07-03_21-31-06_iter2.json
gemma4-e4b_p19_t2,2026-07-03_21-31-06,gemma4:e4b,p19,medium,blind,2,3,0.2,68415,2,0,0,"{""other"": 2}",25.772356100000252,2325,1951,False,./html/batch/reprompt/gemma4-e4b_p19_t2_blind_2026-07-03_21-31-06_iter3.html,./validation/batch/reprompt/gemma4-e4b_p19_t2_blind_2026-07-03_21-31-06_iter3.json
gemma4-e4b_p19_t3,2026-07-03_21-34-02,gemma4:e4b,p19,medium,initial,3,0,0.2,99219,0,0,0,{},32.30696100000023,68,2500,False,./html/batch/gemma4-e4b_p19_t3_2026-07-03_21-34-02.html,./validation/batch/gemma4-e4b_p19_t3_2026-07-03_21-34-02.json
gemma4-e4b_p20_t1,2026-07-03_21-34-34,gemma4:e4b,p20,medium,initial,1,0,0.2,98283,1,0,0,"{""other"": 1}",17.235475100000258,66,1274,False,./html/batch/gemma4-e4b_p20_t1_2026-07-03_21-34-34.html,./validation/batch/gemma4-e4b_p20_t1_2026-07-03_21-34-34.json
gemma4-e4b_p20_t1,2026-07-03_21-34-34,gemma4:e4b,p20,medium,feedback,1,1,0.2,98283,1,0,0,"{""other"": 1}",16.99996099999953,1516,1273,False,./html/batch/reprompt/gemma4-e4b_p20_t1_feedback_2026-07-03_21-34-34_iter1.html,./validation/batch/reprompt/gemma4-e4b_p20_t1_feedback_2026-07-03_21-34-34_iter1.json
gemma4-e4b_p20_t1,2026-07-03_21-34-34,gemma4:e4b,p20,medium,feedback,1,2,0.2,98283,1,0,0,"{""other"": 1}",17.360352000001512,1516,1273,False,./html/batch/reprompt/gemma4-e4b_p20_t1_feedback_2026-07-03_21-34-34_iter2.html,./validation/batch/reprompt/gemma4-e4b_p20_t1_feedback_2026-07-03_21-34-34_iter2.json
gemma4-e4b_p20_t1,2026-07-03_21-34-34,gemma4:e4b,p20,medium,feedback,1,3,0.2,98283,1,0,0,"{""other"": 1}",16.71432900000036,1516,1273,False,./html/batch/reprompt/gemma4-e4b_p20_t1_feedback_2026-07-03_21-34-34_iter3.html,./validation/batch/reprompt/gemma4-e4b_p20_t1_feedback_2026-07-03_21-34-34_iter3.json
gemma4-e4b_p20_t1,2026-07-03_21-34-34,gemma4:e4b,p20,medium,blind,1,1,0.2,98283,1,0,0,"{""other"": 1}",17.294174100001328,1464,1335,False,./html/batch/reprompt/gemma4-e4b_p20_t1_blind_2026-07-03_21-34-34_iter1.html,./validation/batch/reprompt/gemma4-e4b_p20_t1_blind_2026-07-03_21-34-34_iter1.json
gemma4-e4b_p20_t1,2026-07-03_21-34-34,gemma4:e4b,p20,medium,blind,1,2,0.2,98283,1,0,0,"{""other"": 1}",17.467115299999932,1526,1335,False,./html/batch/reprompt/gemma4-e4b_p20_t1_blind_2026-07-03_21-34-34_iter2.html,./validation/batch/reprompt/gemma4-e4b_p20_t1_blind_2026-07-03_21-34-34_iter2.json
gemma4-e4b_p20_t1,2026-07-03_21-34-34,gemma4:e4b,p20,medium,blind,1,3,0.2,98283,1,0,0,"{""other"": 1}",17.440194299999348,1526,1335,False,./html/batch/reprompt/gemma4-e4b_p20_t1_blind_2026-07-03_21-34-34_iter3.html,./validation/batch/reprompt/gemma4-e4b_p20_t1_blind_2026-07-03_21-34-34_iter3.json
gemma4-e4b_p20_t2,2026-07-03_21-36-35,gemma4:e4b,p20,medium,initial,2,0,0.2,72113,1,0,0,"{""other"": 1}",17.413252199999988,66,1361,False,./html/batch/gemma4-e4b_p20_t2_2026-07-03_21-36-35.html,./validation/batch/gemma4-e4b_p20_t2_2026-07-03_21-36-35.json
gemma4-e4b_p20_t2,2026-07-03_21-36-35,gemma4:e4b,p20,medium,feedback,2,1,0.2,72113,1,0,0,"{""other"": 1}",20.14780620000056,1604,1361,False,./html/batch/reprompt/gemma4-e4b_p20_t2_feedback_2026-07-03_21-36-35_iter1.html,./validation/batch/reprompt/gemma4-e4b_p20_t2_feedback_2026-07-03_21-36-35_iter1.json
gemma4-e4b_p20_t2,2026-07-03_21-36-35,gemma4:e4b,p20,medium,feedback,2,2,0.2,72113,1,0,0,"{""other"": 1}",19.984175999999934,1604,1361,False,./html/batch/reprompt/gemma4-e4b_p20_t2_feedback_2026-07-03_21-36-35_iter2.html,./validation/batch/reprompt/gemma4-e4b_p20_t2_feedback_2026-07-03_21-36-35_iter2.json
gemma4-e4b_p20_t2,2026-07-03_21-36-35,gemma4:e4b,p20,medium,feedback,2,3,0.2,72113,1,0,0,"{""other"": 1}",20.36642749999919,1604,1361,False,./html/batch/reprompt/gemma4-e4b_p20_t2_feedback_2026-07-03_21-36-35_iter3.html,./validation/batch/reprompt/gemma4-e4b_p20_t2_feedback_2026-07-03_21-36-35_iter3.json
gemma4-e4b_p20_t2,2026-07-03_21-36-35,gemma4:e4b,p20,medium,blind,2,1,0.2,72113,1,0,0,"{""other"": 1}",21.344096699998772,1552,1419,False,./html/batch/reprompt/gemma4-e4b_p20_t2_blind_2026-07-03_21-36-35_iter1.html,./validation/batch/reprompt/gemma4-e4b_p20_t2_blind_2026-07-03_21-36-35_iter1.json
gemma4-e4b_p20_t2,2026-07-03_21-36-35,gemma4:e4b,p20,medium,blind,2,2,0.2,72113,1,0,0,"{""other"": 1}",21.51330770000095,1610,1439,False,./html/batch/reprompt/gemma4-e4b_p20_t2_blind_2026-07-03_21-36-35_iter2.html,./validation/batch/reprompt/gemma4-e4b_p20_t2_blind_2026-07-03_21-36-35_iter2.json
gemma4-e4b_p20_t2,2026-07-03_21-36-35,gemma4:e4b,p20,medium,blind,2,3,0.2,72113,1,0,0,"{""other"": 1}",21.597611200000756,1630,1439,False,./html/batch/reprompt/gemma4-e4b_p20_t2_blind_2026-07-03_21-36-35_iter3.html,./validation/batch/reprompt/gemma4-e4b_p20_t2_blind_2026-07-03_21-36-35_iter3.json
gemma4-e4b_p20_t3,2026-07-03_21-38-57,gemma4:e4b,p20,medium,initial,3,0,0.2,55559,1,0,0,"{""other"": 1}",18.91969959999915,66,1266,False,./html/batch/gemma4-e4b_p20_t3_2026-07-03_21-38-57.html,./validation/batch/gemma4-e4b_p20_t3_2026-07-03_21-38-57.json
gemma4-e4b_p20_t3,2026-07-03_21-38-57,gemma4:e4b,p20,medium,feedback,3,1,0.2,55559,1,0,0,"{""other"": 1}",19.261932600000364,1509,1266,False,./html/batch/reprompt/gemma4-e4b_p20_t3_feedback_2026-07-03_21-38-57_iter1.html,./validation/batch/reprompt/gemma4-e4b_p20_t3_feedback_2026-07-03_21-38-57_iter1.json
gemma4-e4b_p20_t3,2026-07-03_21-38-57,gemma4:e4b,p20,medium,feedback,3,2,0.2,55559,1,0,0,"{""other"": 1}",18.67101250000087,1509,1266,False,./html/batch/reprompt/gemma4-e4b_p20_t3_feedback_2026-07-03_21-38-57_iter2.html,./validation/batch/reprompt/gemma4-e4b_p20_t3_feedback_2026-07-03_21-38-57_iter2.json
gemma4-e4b_p20_t3,2026-07-03_21-38-57,gemma4:e4b,p20,medium,feedback,3,3,0.2,55559,1,0,0,"{""other"": 1}",18.53779410000061,1509,1266,False,./html/batch/reprompt/gemma4-e4b_p20_t3_feedback_2026-07-03_21-38-57_iter3.html,./validation/batch/reprompt/gemma4-e4b_p20_t3_feedback_2026-07-03_21-38-57_iter3.json
gemma4-e4b_p20_t3,2026-07-03_21-38-57,gemma4:e4b,p20,medium,blind,3,1,0.2,55559,1,0,0,"{""other"": 1}",18.69358089999878,1457,1277,False,./html/batch/reprompt/gemma4-e4b_p20_t3_blind_2026-07-03_21-38-57_iter1.html,./validation/batch/reprompt/gemma4-e4b_p20_t3_blind_2026-07-03_21-38-57_iter1.json
gemma4-e4b_p20_t3,2026-07-03_21-38-57,gemma4:e4b,p20,medium,blind,3,2,0.2,55559,1,0,0,"{""other"": 1}",18.81050259999938,1468,1277,False,./html/batch/reprompt/gemma4-e4b_p20_t3_blind_2026-07-03_21-38-57_iter2.html,./validation/batch/reprompt/gemma4-e4b_p20_t3_blind_2026-07-03_21-38-57_iter2.json
gemma4-e4b_p20_t3,2026-07-03_21-38-57,gemma4:e4b,p20,medium,blind,3,3,0.2,55559,1,0,0,"{""other"": 1}",18.741400000000795,1468,1277,False,./html/batch/reprompt/gemma4-e4b_p20_t3_blind_2026-07-03_21-38-57_iter3.html,./validation/batch/reprompt/gemma4-e4b_p20_t3_blind_2026-07-03_21-38-57_iter3.json
gemma4-e4b_p21_t1,2026-07-03_21-41-09,gemma4:e4b,p21,medium,initial,1,0,0.2,54275,0,0,0,{},19.217957800001386,68,1336,False,./html/batch/gemma4-e4b_p21_t1_2026-07-03_21-41-09.html,./validation/batch/gemma4-e4b_p21_t1_2026-07-03_21-41-09.json
gemma4-e4b_p21_t2,2026-07-03_21-41-28,gemma4:e4b,p21,medium,initial,2,0,0.2,65350,0,0,0,{},14.416441999999734,68,1003,False,./html/batch/gemma4-e4b_p21_t2_2026-07-03_21-41-28.html,./validation/batch/gemma4-e4b_p21_t2_2026-07-03_21-41-28.json
gemma4-e4b_p21_t3,2026-07-03_21-41-43,gemma4:e4b,p21,medium,initial,3,0,0.2,30910,0,1,0,"{""other"": 1}",17.374079399998664,68,1190,False,./html/batch/gemma4-e4b_p21_t3_2026-07-03_21-41-43.html,./validation/batch/gemma4-e4b_p21_t3_2026-07-03_21-41-43.json
gemma4-e4b_p21_t3,2026-07-03_21-41-43,gemma4:e4b,p21,medium,feedback,3,1,0.2,30910,0,1,0,"{""other"": 1}",19.012165599999207,1395,1218,False,./html/batch/reprompt/gemma4-e4b_p21_t3_feedback_2026-07-03_21-41-43_iter1.html,./validation/batch/reprompt/gemma4-e4b_p21_t3_feedback_2026-07-03_21-41-43_iter1.json
gemma4-e4b_p21_t3,2026-07-03_21-41-43,gemma4:e4b,p21,medium,feedback,3,2,0.2,30910,1,1,0,"{""other"": 2}",18.305656999998973,1414,1232,False,./html/batch/reprompt/gemma4-e4b_p21_t3_feedback_2026-07-03_21-41-43_iter2.html,./validation/batch/reprompt/gemma4-e4b_p21_t3_feedback_2026-07-03_21-41-43_iter2.json
gemma4-e4b_p21_t3,2026-07-03_21-41-43,gemma4:e4b,p21,medium,feedback,3,3,0.2,30910,0,1,0,"{""other"": 1}",17.9003804999993,1445,1211,False,./html/batch/reprompt/gemma4-e4b_p21_t3_feedback_2026-07-03_21-41-43_iter3.html,./validation/batch/reprompt/gemma4-e4b_p21_t3_feedback_2026-07-03_21-41-43_iter3.json
gemma4-e4b_p21_t3,2026-07-03_21-41-43,gemma4:e4b,p21,medium,blind,3,1,0.2,30910,0,1,0,"{""other"": 1}",17.831237899999905,1339,1202,False,./html/batch/reprompt/gemma4-e4b_p21_t3_blind_2026-07-03_21-41-43_iter1.html,./validation/batch/reprompt/gemma4-e4b_p21_t3_blind_2026-07-03_21-41-43_iter1.json
gemma4-e4b_p21_t3,2026-07-03_21-41-43,gemma4:e4b,p21,medium,blind,3,2,0.2,30910,0,1,0,"{""other"": 1}",18.033572300000742,1351,1209,False,./html/batch/reprompt/gemma4-e4b_p21_t3_blind_2026-07-03_21-41-43_iter2.html,./validation/batch/reprompt/gemma4-e4b_p21_t3_blind_2026-07-03_21-41-43_iter2.json
gemma4-e4b_p21_t3,2026-07-03_21-41-43,gemma4:e4b,p21,medium,blind,3,3,0.2,30910,0,1,0,"{""other"": 1}",19.835239700001694,1358,1326,False,./html/batch/reprompt/gemma4-e4b_p21_t3_blind_2026-07-03_21-41-43_iter3.html,./validation/batch/reprompt/gemma4-e4b_p21_t3_blind_2026-07-03_21-41-43_iter3.json
gemma4-e4b_p23_t1,2026-07-03_21-43-51,gemma4:e4b,p23,medium,initial,1,0,0.2,95003,0,0,0,{},16.064976400000887,67,1107,False,./html/batch/gemma4-e4b_p23_t1_2026-07-03_21-43-51.html,./validation/batch/gemma4-e4b_p23_t1_2026-07-03_21-43-51.json
gemma4-e4b_p23_t2,2026-07-03_21-44-07,gemma4:e4b,p23,medium,initial,2,0,0.2,86475,0,0,0,{},16.009724899999128,67,1100,False,./html/batch/gemma4-e4b_p23_t2_2026-07-03_21-44-07.html,./validation/batch/gemma4-e4b_p23_t2_2026-07-03_21-44-07.json
gemma4-e4b_p23_t3,2026-07-03_21-44-23,gemma4:e4b,p23,medium,initial,3,0,0.2,17717,0,0,0,{},15.465849500000331,67,1076,False,./html/batch/gemma4-e4b_p23_t3_2026-07-03_21-44-23.html,./validation/batch/gemma4-e4b_p23_t3_2026-07-03_21-44-23.json
gemma4-e4b_p26_t1,2026-07-03_21-44-39,gemma4:e4b,p26,medium,initial,1,0,0.2,42615,0,0,0,{},17.179098799999338,68,1170,False,./html/batch/gemma4-e4b_p26_t1_2026-07-03_21-44-39.html,./validation/batch/gemma4-e4b_p26_t1_2026-07-03_21-44-39.json
gemma4-e4b_p26_t2,2026-07-03_21-44-56,gemma4:e4b,p26,medium,initial,2,0,0.2,87199,0,0,0,{},15.425659399999859,68,1063,False,./html/batch/gemma4-e4b_p26_t2_2026-07-03_21-44-56.html,./validation/batch/gemma4-e4b_p26_t2_2026-07-03_21-44-56.json
gemma4-e4b_p26_t3,2026-07-03_21-45-11,gemma4:e4b,p26,medium,initial,3,0,0.2,84080,0,0,0,{},16.857677300000432,68,1160,False,./html/batch/gemma4-e4b_p26_t3_2026-07-03_21-45-11.html,./validation/batch/gemma4-e4b_p26_t3_2026-07-03_21-45-11.json
gemma4-e4b_p27_t1,2026-07-03_21-45-28,gemma4:e4b,p27,medium,initial,1,0,0.2,40367,0,0,0,{},27.94792459999917,67,1930,False,./html/batch/gemma4-e4b_p27_t1_2026-07-03_21-45-28.html,./validation/batch/gemma4-e4b_p27_t1_2026-07-03_21-45-28.json
gemma4-e4b_p27_t2,2026-07-03_21-45-56,gemma4:e4b,p27,medium,initial,2,0,0.2,84541,0,0,0,{},22.26961840000149,67,1512,False,./html/batch/gemma4-e4b_p27_t2_2026-07-03_21-45-56.html,./validation/batch/gemma4-e4b_p27_t2_2026-07-03_21-45-56.json
gemma4-e4b_p27_t3,2026-07-03_21-46-18,gemma4:e4b,p27,medium,initial,3,0,0.2,60356,0,0,0,{},21.371208799999295,67,1484,False,./html/batch/gemma4-e4b_p27_t3_2026-07-03_21-46-18.html,./validation/batch/gemma4-e4b_p27_t3_2026-07-03_21-46-18.json
gemma4-e4b_p28_t1,2026-07-03_21-46-40,gemma4:e4b,p28,medium,initial,1,0,0.2,53823,0,0,0,{},29.091901300000245,65,2072,False,./html/batch/gemma4-e4b_p28_t1_2026-07-03_21-46-40.html,./validation/batch/gemma4-e4b_p28_t1_2026-07-03_21-46-40.json
gemma4-e4b_p28_t2,2026-07-03_21-47-09,gemma4:e4b,p28,medium,initial,2,0,0.2,5374,0,0,0,{},24.663684600000124,65,1939,False,./html/batch/gemma4-e4b_p28_t2_2026-07-03_21-47-09.html,./validation/batch/gemma4-e4b_p28_t2_2026-07-03_21-47-09.json
gemma4-e4b_p28_t3,2026-07-03_21-47-34,gemma4:e4b,p28,medium,initial,3,0,0.2,38630,0,0,0,{},25.154791200000545,65,1986,False,./html/batch/gemma4-e4b_p28_t3_2026-07-03_21-47-34.html,./validation/batch/gemma4-e4b_p28_t3_2026-07-03_21-47-34.json
gemma4-e4b_p29_t1,2026-07-03_21-47-59,gemma4:e4b,p29,medium,initial,1,0,0.2,43160,0,0,0,{},15.884668600001532,66,1254,False,./html/batch/gemma4-e4b_p29_t1_2026-07-03_21-47-59.html,./validation/batch/gemma4-e4b_p29_t1_2026-07-03_21-47-59.json
gemma4-e4b_p29_t2,2026-07-03_21-48-15,gemma4:e4b,p29,medium,initial,2,0,0.2,35269,0,0,0,{},13.271521499998926,66,1048,False,./html/batch/gemma4-e4b_p29_t2_2026-07-03_21-48-15.html,./validation/batch/gemma4-e4b_p29_t2_2026-07-03_21-48-15.json
gemma4-e4b_p29_t3,2026-07-03_21-48-28,gemma4:e4b,p29,medium,initial,3,0,0.2,44113,0,0,0,{},12.307059000000663,66,971,False,./html/batch/gemma4-e4b_p29_t3_2026-07-03_21-48-28.html,./validation/batch/gemma4-e4b_p29_t3_2026-07-03_21-48-28.json
gemma4-e4b_p30_t1,2026-07-03_21-48-40,gemma4:e4b,p30,medium,initial,1,0,0.2,90914,0,0,0,{},16.858660100000634,67,1332,False,./html/batch/gemma4-e4b_p30_t1_2026-07-03_21-48-40.html,./validation/batch/gemma4-e4b_p30_t1_2026-07-03_21-48-40.json
gemma4-e4b_p30_t2,2026-07-03_21-48-57,gemma4:e4b,p30,medium,initial,2,0,0.2,66625,0,0,0,{},16.19138970000131,67,1279,False,./html/batch/gemma4-e4b_p30_t2_2026-07-03_21-48-57.html,./validation/batch/gemma4-e4b_p30_t2_2026-07-03_21-48-57.json
gemma4-e4b_p30_t3,2026-07-03_21-49-13,gemma4:e4b,p30,medium,initial,3,0,0.2,69477,0,0,0,{},17.918291099998896,67,1414,False,./html/batch/gemma4-e4b_p30_t3_2026-07-03_21-49-13.html,./validation/batch/gemma4-e4b_p30_t3_2026-07-03_21-49-13.json
gemma4-e4b_p34_t1,2026-07-03_21-49-31,gemma4:e4b,p34,medium,initial,1,0,0.2,78425,1,3,0,"{""other"": 4}",25.20834780000041,67,1989,False,./html/batch/gemma4-e4b_p34_t1_2026-07-03_21-49-31.html,./validation/batch/gemma4-e4b_p34_t1_2026-07-03_21-49-31.json
gemma4-e4b_p34_t1,2026-07-03_21-49-31,gemma4:e4b,p34,medium,feedback,1,1,0.2,78425,0,0,0,{},30.844700400000875,2328,2309,False,./html/batch/reprompt/gemma4-e4b_p34_t1_feedback_2026-07-03_21-49-31_iter1.html,./validation/batch/reprompt/gemma4-e4b_p34_t1_feedback_2026-07-03_21-49-31_iter1.json
gemma4-e4b_p34_t1,2026-07-03_21-49-31,gemma4:e4b,p34,medium,blind,1,1,0.2,78425,2,4,0,"{""missing-doctype"": 1, ""other"": 5}",28.699857199999315,2211,2115,False,./html/batch/reprompt/gemma4-e4b_p34_t1_blind_2026-07-03_21-49-31_iter1.html,./validation/batch/reprompt/gemma4-e4b_p34_t1_blind_2026-07-03_21-49-31_iter1.json
gemma4-e4b_p34_t1,2026-07-03_21-49-31,gemma4:e4b,p34,medium,blind,1,2,0.2,78425,2,3,0,"{""missing-doctype"": 1, ""other"": 4}",26.322263899999598,2344,1909,True,./html/batch/reprompt/gemma4-e4b_p34_t1_blind_2026-07-03_21-49-31_iter2.html,./validation/batch/reprompt/gemma4-e4b_p34_t1_blind_2026-07-03_21-49-31_iter2.json
gemma4-e4b_p34_t1,2026-07-03_21-49-31,gemma4:e4b,p34,medium,blind,1,3,0.2,78425,2,3,0,"{""missing-doctype"": 1, ""other"": 4}",24.88240870000118,2099,1894,False,./html/batch/reprompt/gemma4-e4b_p34_t1_blind_2026-07-03_21-49-31_iter3.html,./validation/batch/reprompt/gemma4-e4b_p34_t1_blind_2026-07-03_21-49-31_iter3.json
gemma4-e4b_p34_t2,2026-07-03_21-51-48,gemma4:e4b,p34,medium,initial,2,0,0.2,41678,0,6,0,"{""other"": 6}",20.172729199999594,67,1590,False,./html/batch/gemma4-e4b_p34_t2_2026-07-03_21-51-48.html,./validation/batch/gemma4-e4b_p34_t2_2026-07-03_21-51-48.json
gemma4-e4b_p34_t2,2026-07-03_21-51-48,gemma4:e4b,p34,medium,feedback,2,1,0.2,41678,0,1,0,"{""other"": 1}",20.206585699999778,1969,1544,False,./html/batch/reprompt/gemma4-e4b_p34_t2_feedback_2026-07-03_21-51-48_iter1.html,./validation/batch/reprompt/gemma4-e4b_p34_t2_feedback_2026-07-03_21-51-48_iter1.json
gemma4-e4b_p34_t2,2026-07-03_21-51-48,gemma4:e4b,p34,medium,feedback,2,2,0.2,41678,3,1,0,"{""other"": 4}",20.913703800000803,1788,1610,False,./html/batch/reprompt/gemma4-e4b_p34_t2_feedback_2026-07-03_21-51-48_iter2.html,./validation/batch/reprompt/gemma4-e4b_p34_t2_feedback_2026-07-03_21-51-48_iter2.json
gemma4-e4b_p34_t2,2026-07-03_21-51-48,gemma4:e4b,p34,medium,feedback,2,3,0.2,41678,3,4,0,"{""other"": 7}",21.390216199999486,1924,1636,False,./html/batch/reprompt/gemma4-e4b_p34_t2_feedback_2026-07-03_21-51-48_iter3.html,./validation/batch/reprompt/gemma4-e4b_p34_t2_feedback_2026-07-03_21-51-48_iter3.json
gemma4-e4b_p34_t2,2026-07-03_21-51-48,gemma4:e4b,p34,medium,blind,2,1,0.2,41678,0,6,0,"{""other"": 6}",21.70766989999902,1793,1634,False,./html/batch/reprompt/gemma4-e4b_p34_t2_blind_2026-07-03_21-51-48_iter1.html,./validation/batch/reprompt/gemma4-e4b_p34_t2_blind_2026-07-03_21-51-48_iter1.json
gemma4-e4b_p34_t2,2026-07-03_21-51-48,gemma4:e4b,p34,medium,blind,2,2,0.2,41678,0,6,0,"{""other"": 6}",22.46454619999895,1837,1634,False,./html/batch/reprompt/gemma4-e4b_p34_t2_blind_2026-07-03_21-51-48_iter2.html,./validation/batch/reprompt/gemma4-e4b_p34_t2_blind_2026-07-03_21-51-48_iter2.json
gemma4-e4b_p34_t2,2026-07-03_21-51-48,gemma4:e4b,p34,medium,blind,2,3,0.2,41678,0,6,0,"{""other"": 6}",21.526940599998852,1837,1634,False,./html/batch/reprompt/gemma4-e4b_p34_t2_blind_2026-07-03_21-51-48_iter3.html,./validation/batch/reprompt/gemma4-e4b_p34_t2_blind_2026-07-03_21-51-48_iter3.json
gemma4-e4b_p34_t3,2026-07-03_21-54-16,gemma4:e4b,p34,medium,initial,3,0,0.2,63846,0,6,0,"{""other"": 6}",21.966936000000715,67,1673,False,./html/batch/gemma4-e4b_p34_t3_2026-07-03_21-54-16.html,./validation/batch/gemma4-e4b_p34_t3_2026-07-03_21-54-16.json
gemma4-e4b_p34_t3,2026-07-03_21-54-16,gemma4:e4b,p34,medium,feedback,3,1,0.2,63846,0,2,0,"{""other"": 2}",22.184265399999276,2055,1632,False,./html/batch/reprompt/gemma4-e4b_p34_t3_feedback_2026-07-03_21-54-16_iter1.html,./validation/batch/reprompt/gemma4-e4b_p34_t3_feedback_2026-07-03_21-54-16_iter1.json
gemma4-e4b_p34_t3,2026-07-03_21-54-16,gemma4:e4b,p34,medium,feedback,3,2,0.2,63846,0,1,0,"{""other"": 1}",22.0455120000006,1901,1631,False,./html/batch/reprompt/gemma4-e4b_p34_t3_feedback_2026-07-03_21-54-16_iter2.html,./validation/batch/reprompt/gemma4-e4b_p34_t3_feedback_2026-07-03_21-54-16_iter2.json
gemma4-e4b_p34_t3,2026-07-03_21-54-16,gemma4:e4b,p34,medium,feedback,3,3,0.2,63846,0,1,0,"{""other"": 1}",22.407176799999434,1880,1637,False,./html/batch/reprompt/gemma4-e4b_p34_t3_feedback_2026-07-03_21-54-16_iter3.html,./validation/batch/reprompt/gemma4-e4b_p34_t3_feedback_2026-07-03_21-54-16_iter3.json
gemma4-e4b_p34_t3,2026-07-03_21-54-16,gemma4:e4b,p34,medium,blind,3,1,0.2,63846,0,6,0,"{""other"": 6}",24.201943500000198,1879,1790,False,./html/batch/reprompt/gemma4-e4b_p34_t3_blind_2026-07-03_21-54-16_iter1.html,./validation/batch/reprompt/gemma4-e4b_p34_t3_blind_2026-07-03_21-54-16_iter1.json
gemma4-e4b_p34_t3,2026-07-03_21-54-16,gemma4:e4b,p34,medium,blind,3,2,0.2,63846,4,6,0,"{""other"": 10}",25.04819619999944,1978,1814,False,./html/batch/reprompt/gemma4-e4b_p34_t3_blind_2026-07-03_21-54-16_iter2.html,./validation/batch/reprompt/gemma4-e4b_p34_t3_blind_2026-07-03_21-54-16_iter2.json
gemma4-e4b_p34_t3,2026-07-03_21-54-16,gemma4:e4b,p34,medium,blind,3,3,0.2,63846,4,6,0,"{""other"": 10}",24.518647200000487,1998,1814,False,./html/batch/reprompt/gemma4-e4b_p34_t3_blind_2026-07-03_21-54-16_iter3.html,./validation/batch/reprompt/gemma4-e4b_p34_t3_blind_2026-07-03_21-54-16_iter3.json
gemma4-e4b_p35_t1,2026-07-03_21-56-59,gemma4:e4b,p35,medium,initial,1,0,0.2,83907,0,0,0,{},19.64527619999899,65,1520,False,./html/batch/gemma4-e4b_p35_t1_2026-07-03_21-56-59.html,./validation/batch/gemma4-e4b_p35_t1_2026-07-03_21-56-59.json
gemma4-e4b_p35_t2,2026-07-03_21-57-18,gemma4:e4b,p35,medium,initial,2,0,0.2,47802,0,0,0,{},19.984363299998222,65,1532,False,./html/batch/gemma4-e4b_p35_t2_2026-07-03_21-57-18.html,./validation/batch/gemma4-e4b_p35_t2_2026-07-03_21-57-18.json
gemma4-e4b_p35_t3,2026-07-03_21-57-38,gemma4:e4b,p35,medium,initial,3,0,0.2,72656,4,0,0,"{""missing-attribute"": 4}",21.104398900000888,65,1626,False,./html/batch/gemma4-e4b_p35_t3_2026-07-03_21-57-38.html,./validation/batch/gemma4-e4b_p35_t3_2026-07-03_21-57-38.json
gemma4-e4b_p35_t3,2026-07-03_21-57-38,gemma4:e4b,p35,medium,feedback,3,1,0.2,72656,3,1,0,"{""other"": 4}",24.013173999999708,1976,1751,False,./html/batch/reprompt/gemma4-e4b_p35_t3_feedback_2026-07-03_21-57-38_iter1.html,./validation/batch/reprompt/gemma4-e4b_p35_t3_feedback_2026-07-03_21-57-38_iter1.json
gemma4-e4b_p35_t3,2026-07-03_21-57-38,gemma4:e4b,p35,medium,feedback,3,2,0.2,72656,0,0,0,{},23.155935499999032,2186,1725,False,./html/batch/reprompt/gemma4-e4b_p35_t3_feedback_2026-07-03_21-57-38_iter2.html,./validation/batch/reprompt/gemma4-e4b_p35_t3_feedback_2026-07-03_21-57-38_iter2.json
gemma4-e4b_p35_t3,2026-07-03_21-57-38,gemma4:e4b,p35,medium,blind,3,1,0.2,72656,4,0,0,"{""other"": 4}",23.63897530000031,1802,1803,False,./html/batch/reprompt/gemma4-e4b_p35_t3_blind_2026-07-03_21-57-38_iter1.html,./validation/batch/reprompt/gemma4-e4b_p35_t3_blind_2026-07-03_21-57-38_iter1.json
gemma4-e4b_p35_t3,2026-07-03_21-57-38,gemma4:e4b,p35,medium,blind,3,2,0.2,72656,0,0,0,{},24.4504352999993,1969,1788,False,./html/batch/reprompt/gemma4-e4b_p35_t3_blind_2026-07-03_21-57-38_iter2.html,./validation/batch/reprompt/gemma4-e4b_p35_t3_blind_2026-07-03_21-57-38_iter2.json
gemma4-e4b_p37_t1,2026-07-03_21-59-35,gemma4:e4b,p37,medium,initial,1,0,0.2,72197,0,0,0,{},16.23592590000044,68,1201,False,./html/batch/gemma4-e4b_p37_t1_2026-07-03_21-59-35.html,./validation/batch/gemma4-e4b_p37_t1_2026-07-03_21-59-35.json
gemma4-e4b_p37_t2,2026-07-03_21-59-51,gemma4:e4b,p37,medium,initial,2,0,0.2,35271,0,0,0,{},17.884829300001,68,1368,False,./html/batch/gemma4-e4b_p37_t2_2026-07-03_21-59-51.html,./validation/batch/gemma4-e4b_p37_t2_2026-07-03_21-59-51.json
gemma4-e4b_p37_t3,2026-07-03_22-00-09,gemma4:e4b,p37,medium,initial,3,0,0.2,42213,0,0,0,{},21.475210999999035,68,1610,False,./html/batch/gemma4-e4b_p37_t3_2026-07-03_22-00-09.html,./validation/batch/gemma4-e4b_p37_t3_2026-07-03_22-00-09.json
gemma4-e4b_p39_t1,2026-07-03_22-00-31,gemma4:e4b,p39,medium,initial,1,0,0.2,27555,0,0,0,{},26.239947699999902,68,1968,False,./html/batch/gemma4-e4b_p39_t1_2026-07-03_22-00-31.html,./validation/batch/gemma4-e4b_p39_t1_2026-07-03_22-00-31.json
gemma4-e4b_p39_t2,2026-07-03_22-00-57,gemma4:e4b,p39,medium,initial,2,0,0.2,84223,0,0,0,{},29.545759099999486,68,2222,False,./html/batch/gemma4-e4b_p39_t2_2026-07-03_22-00-57.html,./validation/batch/gemma4-e4b_p39_t2_2026-07-03_22-00-57.json
gemma4-e4b_p39_t3,2026-07-03_22-01-26,gemma4:e4b,p39,medium,initial,3,0,0.2,6174,1,0,0,"{""missing-attribute"": 1}",26.16907700000047,68,1985,False,./html/batch/gemma4-e4b_p39_t3_2026-07-03_22-01-26.html,./validation/batch/gemma4-e4b_p39_t3_2026-07-03_22-01-26.json
gemma4-e4b_p39_t3,2026-07-03_22-01-26,gemma4:e4b,p39,medium,feedback,3,1,0.2,6174,1,0,0,"{""missing-attribute"": 1}",25.73728520000077,2175,1941,False,./html/batch/reprompt/gemma4-e4b_p39_t3_feedback_2026-07-03_22-01-26_iter1.html,./validation/batch/reprompt/gemma4-e4b_p39_t3_feedback_2026-07-03_22-01-26_iter1.json
gemma4-e4b_p39_t3,2026-07-03_22-01-26,gemma4:e4b,p39,medium,feedback,3,2,0.2,6174,1,0,0,"{""missing-attribute"": 1}",25.822135599999456,2130,1939,False,./html/batch/reprompt/gemma4-e4b_p39_t3_feedback_2026-07-03_22-01-26_iter2.html,./validation/batch/reprompt/gemma4-e4b_p39_t3_feedback_2026-07-03_22-01-26_iter2.json
gemma4-e4b_p39_t3,2026-07-03_22-01-26,gemma4:e4b,p39,medium,feedback,3,3,0.2,6174,1,0,0,"{""missing-attribute"": 1}",25.633640699999887,2130,1940,False,./html/batch/reprompt/gemma4-e4b_p39_t3_feedback_2026-07-03_22-01-26_iter3.html,./validation/batch/reprompt/gemma4-e4b_p39_t3_feedback_2026-07-03_22-01-26_iter3.json
gemma4-e4b_p39_t3,2026-07-03_22-01-26,gemma4:e4b,p39,medium,blind,3,1,0.2,6174,1,0,0,"{""missing-attribute"": 1}",27.418977899998936,2136,2051,True,./html/batch/reprompt/gemma4-e4b_p39_t3_blind_2026-07-03_22-01-26_iter1.html,./validation/batch/reprompt/gemma4-e4b_p39_t3_blind_2026-07-03_22-01-26_iter1.json
gemma4-e4b_p39_t3,2026-07-03_22-01-26,gemma4:e4b,p39,medium,blind,3,2,0.2,6174,2,0,0,"{""missing-attribute"": 1, ""disallowed-child"": 1}",33.76533430000018,2203,2502,True,./html/batch/reprompt/gemma4-e4b_p39_t3_blind_2026-07-03_22-01-26_iter2.html,./validation/batch/reprompt/gemma4-e4b_p39_t3_blind_2026-07-03_22-01-26_iter2.json
gemma4-e4b_p39_t3,2026-07-03_22-01-26,gemma4:e4b,p39,medium,blind,3,3,0.2,6174,2,0,0,"{""missing-attribute"": 1, ""disallowed-child"": 1}",36.765188400000625,2654,2717,True,./html/batch/reprompt/gemma4-e4b_p39_t3_blind_2026-07-03_22-01-26_iter3.html,./validation/batch/reprompt/gemma4-e4b_p39_t3_blind_2026-07-03_22-01-26_iter3.json
gemma4-e4b_p40_t1,2026-07-03_22-04-48,gemma4:e4b,p40,medium,initial,1,0,0.2,56672,2,0,0,"{""other"": 2}",15.111232700000983,68,1192,False,./html/batch/gemma4-e4b_p40_t1_2026-07-03_22-04-48.html,./validation/batch/gemma4-e4b_p40_t1_2026-07-03_22-04-48.json
gemma4-e4b_p40_t1,2026-07-03_22-04-48,gemma4:e4b,p40,medium,feedback,1,1,0.2,56672,2,0,0,"{""other"": 2}",15.488548100000116,1497,1192,False,./html/batch/reprompt/gemma4-e4b_p40_t1_feedback_2026-07-03_22-04-48_iter1.html,./validation/batch/reprompt/gemma4-e4b_p40_t1_feedback_2026-07-03_22-04-48_iter1.json
gemma4-e4b_p40_t1,2026-07-03_22-04-48,gemma4:e4b,p40,medium,feedback,1,2,0.2,56672,2,0,0,"{""other"": 2}",15.296591599999374,1497,1192,False,./html/batch/reprompt/gemma4-e4b_p40_t1_feedback_2026-07-03_22-04-48_iter2.html,./validation/batch/reprompt/gemma4-e4b_p40_t1_feedback_2026-07-03_22-04-48_iter2.json
gemma4-e4b_p40_t1,2026-07-03_22-04-48,gemma4:e4b,p40,medium,feedback,1,3,0.2,56672,2,0,0,"{""other"": 2}",15.291153199999826,1497,1192,False,./html/batch/reprompt/gemma4-e4b_p40_t1_feedback_2026-07-03_22-04-48_iter3.html,./validation/batch/reprompt/gemma4-e4b_p40_t1_feedback_2026-07-03_22-04-48_iter3.json
gemma4-e4b_p40_t1,2026-07-03_22-04-48,gemma4:e4b,p40,medium,blind,1,1,0.2,56672,2,0,0,"{""other"": 2}",15.315733699999328,1411,1192,False,./html/batch/reprompt/gemma4-e4b_p40_t1_blind_2026-07-03_22-04-48_iter1.html,./validation/batch/reprompt/gemma4-e4b_p40_t1_blind_2026-07-03_22-04-48_iter1.json
gemma4-e4b_p40_t1,2026-07-03_22-04-48,gemma4:e4b,p40,medium,blind,1,2,0.2,56672,2,0,0,"{""other"": 2}",15.291869699998642,1411,1192,False,./html/batch/reprompt/gemma4-e4b_p40_t1_blind_2026-07-03_22-04-48_iter2.html,./validation/batch/reprompt/gemma4-e4b_p40_t1_blind_2026-07-03_22-04-48_iter2.json
gemma4-e4b_p40_t1,2026-07-03_22-04-48,gemma4:e4b,p40,medium,blind,1,3,0.2,56672,2,0,0,"{""other"": 2}",15.79721729999983,1411,1192,False,./html/batch/reprompt/gemma4-e4b_p40_t1_blind_2026-07-03_22-04-48_iter3.html,./validation/batch/reprompt/gemma4-e4b_p40_t1_blind_2026-07-03_22-04-48_iter3.json
gemma4-e4b_p40_t2,2026-07-03_22-06-36,gemma4:e4b,p40,medium,initial,2,0,0.2,34986,1,0,0,"{""other"": 1}",17.748581599998943,68,1350,False,./html/batch/gemma4-e4b_p40_t2_2026-07-03_22-06-36.html,./validation/batch/gemma4-e4b_p40_t2_2026-07-03_22-06-36.json
gemma4-e4b_p40_t2,2026-07-03_22-06-36,gemma4:e4b,p40,medium,feedback,2,1,0.2,34986,0,0,0,{},18.263763299999482,1642,1358,False,./html/batch/reprompt/gemma4-e4b_p40_t2_feedback_2026-07-03_22-06-36_iter1.html,./validation/batch/reprompt/gemma4-e4b_p40_t2_feedback_2026-07-03_22-06-36_iter1.json
gemma4-e4b_p40_t2,2026-07-03_22-06-36,gemma4:e4b,p40,medium,blind,2,1,0.2,34986,1,0,0,"{""other"": 1}",17.38969250000082,1597,1342,False,./html/batch/reprompt/gemma4-e4b_p40_t2_blind_2026-07-03_22-06-36_iter1.html,./validation/batch/reprompt/gemma4-e4b_p40_t2_blind_2026-07-03_22-06-36_iter1.json
gemma4-e4b_p40_t2,2026-07-03_22-06-36,gemma4:e4b,p40,medium,blind,2,2,0.2,34986,1,0,0,"{""other"": 1}",17.542619900001228,1588,1342,False,./html/batch/reprompt/gemma4-e4b_p40_t2_blind_2026-07-03_22-06-36_iter2.html,./validation/batch/reprompt/gemma4-e4b_p40_t2_blind_2026-07-03_22-06-36_iter2.json
gemma4-e4b_p40_t2,2026-07-03_22-06-36,gemma4:e4b,p40,medium,blind,2,3,0.2,34986,1,0,0,"{""other"": 1}",17.402608499998678,1588,1342,False,./html/batch/reprompt/gemma4-e4b_p40_t2_blind_2026-07-03_22-06-36_iter3.html,./validation/batch/reprompt/gemma4-e4b_p40_t2_blind_2026-07-03_22-06-36_iter3.json
gemma4-e4b_p40_t3,2026-07-03_22-08-04,gemma4:e4b,p40,medium,initial,3,0,0.2,48246,2,0,0,"{""other"": 2}",16.01312719999987,68,1252,False,./html/batch/gemma4-e4b_p40_t3_2026-07-03_22-08-04.html,./validation/batch/gemma4-e4b_p40_t3_2026-07-03_22-08-04.json
gemma4-e4b_p40_t3,2026-07-03_22-08-04,gemma4:e4b,p40,medium,feedback,3,1,0.2,48246,2,0,0,"{""other"": 2}",16.41112509999948,1555,1251,False,./html/batch/reprompt/gemma4-e4b_p40_t3_feedback_2026-07-03_22-08-04_iter1.html,./validation/batch/reprompt/gemma4-e4b_p40_t3_feedback_2026-07-03_22-08-04_iter1.json
gemma4-e4b_p40_t3,2026-07-03_22-08-04,gemma4:e4b,p40,medium,feedback,3,2,0.2,48246,2,0,0,"{""other"": 2}",16.213964299999134,1555,1251,False,./html/batch/reprompt/gemma4-e4b_p40_t3_feedback_2026-07-03_22-08-04_iter2.html,./validation/batch/reprompt/gemma4-e4b_p40_t3_feedback_2026-07-03_22-08-04_iter2.json
gemma4-e4b_p40_t3,2026-07-03_22-08-04,gemma4:e4b,p40,medium,feedback,3,3,0.2,48246,2,0,0,"{""other"": 2}",16.20665259999987,1555,1251,False,./html/batch/reprompt/gemma4-e4b_p40_t3_feedback_2026-07-03_22-08-04_iter3.html,./validation/batch/reprompt/gemma4-e4b_p40_t3_feedback_2026-07-03_22-08-04_iter3.json
gemma4-e4b_p40_t3,2026-07-03_22-08-04,gemma4:e4b,p40,medium,blind,3,1,0.2,48246,2,0,0,"{""other"": 2}",16.79134250000061,1469,1258,False,./html/batch/reprompt/gemma4-e4b_p40_t3_blind_2026-07-03_22-08-04_iter1.html,./validation/batch/reprompt/gemma4-e4b_p40_t3_blind_2026-07-03_22-08-04_iter1.json
gemma4-e4b_p40_t3,2026-07-03_22-08-04,gemma4:e4b,p40,medium,blind,3,2,0.2,48246,2,0,0,"{""other"": 2}",16.331931499998973,1478,1258,False,./html/batch/reprompt/gemma4-e4b_p40_t3_blind_2026-07-03_22-08-04_iter2.html,./validation/batch/reprompt/gemma4-e4b_p40_t3_blind_2026-07-03_22-08-04_iter2.json
gemma4-e4b_p40_t3,2026-07-03_22-08-04,gemma4:e4b,p40,medium,blind,3,3,0.2,48246,2,0,0,"{""other"": 2}",16.378786699999182,1478,1258,False,./html/batch/reprompt/gemma4-e4b_p40_t3_blind_2026-07-03_22-08-04_iter3.html,./validation/batch/reprompt/gemma4-e4b_p40_t3_blind_2026-07-03_22-08-04_iter3.json
gemma4-e4b_p45_t1,2026-07-03_22-09-59,gemma4:e4b,p45,medium,initial,1,0,0.2,45903,0,0,0,{},19.389798000000155,67,1525,False,./html/batch/gemma4-e4b_p45_t1_2026-07-03_22-09-59.html,./validation/batch/gemma4-e4b_p45_t1_2026-07-03_22-09-59.json
gemma4-e4b_p45_t2,2026-07-03_22-10-18,gemma4:e4b,p45,medium,initial,2,0,0.2,75972,0,0,0,{},17.694984900001145,67,1393,False,./html/batch/gemma4-e4b_p45_t2_2026-07-03_22-10-18.html,./validation/batch/gemma4-e4b_p45_t2_2026-07-03_22-10-18.json
gemma4-e4b_p45_t3,2026-07-03_22-10-36,gemma4:e4b,p45,medium,initial,3,0,0.2,69341,0,0,0,{},18.037537399999565,67,1420,False,./html/batch/gemma4-e4b_p45_t3_2026-07-03_22-10-36.html,./validation/batch/gemma4-e4b_p45_t3_2026-07-03_22-10-36.json
gemma4-e4b_p46_t1,2026-07-03_22-10-54,gemma4:e4b,p46,medium,initial,1,0,0.2,21087,0,0,0,{},25.218359200000123,66,1983,False,./html/batch/gemma4-e4b_p46_t1_2026-07-03_22-10-54.html,./validation/batch/gemma4-e4b_p46_t1_2026-07-03_22-10-54.json
gemma4-e4b_p46_t2,2026-07-03_22-11-19,gemma4:e4b,p46,medium,initial,2,0,0.2,87797,0,0,0,{},22.287839200000235,66,1754,False,./html/batch/gemma4-e4b_p46_t2_2026-07-03_22-11-19.html,./validation/batch/gemma4-e4b_p46_t2_2026-07-03_22-11-19.json
gemma4-e4b_p46_t3,2026-07-03_22-11-41,gemma4:e4b,p46,medium,initial,3,0,0.2,17057,0,0,0,{},23.69202750000113,66,1864,False,./html/batch/gemma4-e4b_p46_t3_2026-07-03_22-11-41.html,./validation/batch/gemma4-e4b_p46_t3_2026-07-03_22-11-41.json
gemma4-e4b_p47_t1,2026-07-03_22-12-05,gemma4:e4b,p47,medium,initial,1,0,0.2,47429,0,0,0,{},17.8053529000008,66,1401,False,./html/batch/gemma4-e4b_p47_t1_2026-07-03_22-12-05.html,./validation/batch/gemma4-e4b_p47_t1_2026-07-03_22-12-05.json
gemma4-e4b_p47_t2,2026-07-03_22-12-23,gemma4:e4b,p47,medium,initial,2,0,0.2,36902,0,0,0,{},22.561072200000126,66,1775,False,./html/batch/gemma4-e4b_p47_t2_2026-07-03_22-12-23.html,./validation/batch/gemma4-e4b_p47_t2_2026-07-03_22-12-23.json
gemma4-e4b_p47_t3,2026-07-03_22-12-45,gemma4:e4b,p47,medium,initial,3,0,0.2,81911,0,0,0,{},20.07418250000046,66,1580,False,./html/batch/gemma4-e4b_p47_t3_2026-07-03_22-12-45.html,./validation/batch/gemma4-e4b_p47_t3_2026-07-03_22-12-45.json
gemma4-e4b_p49_t1,2026-07-03_22-13-05,gemma4:e4b,p49,medium,initial,1,0,0.2,6241,0,0,0,{},14.931433199999447,68,1175,False,./html/batch/gemma4-e4b_p49_t1_2026-07-03_22-13-05.html,./validation/batch/gemma4-e4b_p49_t1_2026-07-03_22-13-05.json
gemma4-e4b_p49_t2,2026-07-03_22-13-20,gemma4:e4b,p49,medium,initial,2,0,0.2,26077,0,0,0,{},13.79547409999941,68,1085,False,./html/batch/gemma4-e4b_p49_t2_2026-07-03_22-13-20.html,./validation/batch/gemma4-e4b_p49_t2_2026-07-03_22-13-20.json
gemma4-e4b_p49_t3,2026-07-03_22-13-34,gemma4:e4b,p49,medium,initial,3,0,0.2,51292,4,0,0,"{""other"": 1, ""disallowed-child"": 3}",15.170631799999683,68,1194,False,./html/batch/gemma4-e4b_p49_t3_2026-07-03_22-13-34.html,./validation/batch/gemma4-e4b_p49_t3_2026-07-03_22-13-34.json
gemma4-e4b_p49_t3,2026-07-03_22-13-34,gemma4:e4b,p49,medium,feedback,3,1,0.2,51292,3,0,0,"{""disallowed-child"": 3}",16.529739899999186,1639,1262,False,./html/batch/reprompt/gemma4-e4b_p49_t3_feedback_2026-07-03_22-13-34_iter1.html,./validation/batch/reprompt/gemma4-e4b_p49_t3_feedback_2026-07-03_22-13-34_iter1.json
gemma4-e4b_p49_t3,2026-07-03_22-13-34,gemma4:e4b,p49,medium,feedback,3,2,0.2,51292,3,0,0,"{""disallowed-child"": 3}",16.46010600000045,1668,1262,False,./html/batch/reprompt/gemma4-e4b_p49_t3_feedback_2026-07-03_22-13-34_iter2.html,./validation/batch/reprompt/gemma4-e4b_p49_t3_feedback_2026-07-03_22-13-34_iter2.json
gemma4-e4b_p49_t3,2026-07-03_22-13-34,gemma4:e4b,p49,medium,feedback,3,3,0.2,51292,3,0,0,"{""disallowed-child"": 3}",16.30543509999916,1668,1262,False,./html/batch/reprompt/gemma4-e4b_p49_t3_feedback_2026-07-03_22-13-34_iter3.html,./validation/batch/reprompt/gemma4-e4b_p49_t3_feedback_2026-07-03_22-13-34_iter3.json
gemma4-e4b_p49_t3,2026-07-03_22-13-34,gemma4:e4b,p49,medium,blind,3,1,0.2,51292,3,0,0,"{""disallowed-child"": 3}",17.804296400001476,1483,1371,False,./html/batch/reprompt/gemma4-e4b_p49_t3_blind_2026-07-03_22-13-34_iter1.html,./validation/batch/reprompt/gemma4-e4b_p49_t3_blind_2026-07-03_22-13-34_iter1.json
gemma4-e4b_p49_t3,2026-07-03_22-13-34,gemma4:e4b,p49,medium,blind,3,2,0.2,51292,3,0,0,"{""disallowed-child"": 3}",17.750536600000487,1651,1362,False,./html/batch/reprompt/gemma4-e4b_p49_t3_blind_2026-07-03_22-13-34_iter2.html,./validation/batch/reprompt/gemma4-e4b_p49_t3_blind_2026-07-03_22-13-34_iter2.json
gemma4-e4b_p49_t3,2026-07-03_22-13-34,gemma4:e4b,p49,medium,blind,3,3,0.2,51292,3,0,0,"{""disallowed-child"": 3}",17.734000799999194,1642,1362,False,./html/batch/reprompt/gemma4-e4b_p49_t3_blind_2026-07-03_22-13-34_iter3.html,./validation/batch/reprompt/gemma4-e4b_p49_t3_blind_2026-07-03_22-13-34_iter3.json
gemma4-e4b_p31_t1,2026-07-03_22-15-32,gemma4:e4b,p31,difficult,initial,1,0,0.2,91017,0,0,0,{},31.560775900001317,66,2481,False,./html/batch/gemma4-e4b_p31_t1_2026-07-03_22-15-32.html,./validation/batch/gemma4-e4b_p31_t1_2026-07-03_22-15-32.json
gemma4-e4b_p31_t2,2026-07-03_22-16-04,gemma4:e4b,p31,difficult,initial,2,0,0.2,53193,0,0,0,{},22.0506060000007,66,1736,False,./html/batch/gemma4-e4b_p31_t2_2026-07-03_22-16-04.html,./validation/batch/gemma4-e4b_p31_t2_2026-07-03_22-16-04.json
gemma4-e4b_p31_t3,2026-07-03_22-16-26,gemma4:e4b,p31,difficult,initial,3,0,0.2,67259,0,0,0,{},23.479833899998994,66,1849,False,./html/batch/gemma4-e4b_p31_t3_2026-07-03_22-16-26.html,./validation/batch/gemma4-e4b_p31_t3_2026-07-03_22-16-26.json
gemma4-e4b_p32_t1,2026-07-03_22-16-49,gemma4:e4b,p32,difficult,initial,1,0,0.2,35544,1,0,0,"{""other"": 1}",28.37066589999995,67,2231,False,./html/batch/gemma4-e4b_p32_t1_2026-07-03_22-16-49.html,./validation/batch/gemma4-e4b_p32_t1_2026-07-03_22-16-49.json
gemma4-e4b_p32_t1,2026-07-03_22-16-49,gemma4:e4b,p32,difficult,feedback,1,1,0.2,35544,1,0,0,"{""other"": 1}",25.849978300000657,2495,1947,False,./html/batch/reprompt/gemma4-e4b_p32_t1_feedback_2026-07-03_22-16-49_iter1.html,./validation/batch/reprompt/gemma4-e4b_p32_t1_feedback_2026-07-03_22-16-49_iter1.json
gemma4-e4b_p32_t1,2026-07-03_22-16-49,gemma4:e4b,p32,difficult,feedback,1,2,0.2,35544,1,0,0,"{""other"": 1}",25.73038280000037,2190,1948,False,./html/batch/reprompt/gemma4-e4b_p32_t1_feedback_2026-07-03_22-16-49_iter2.html,./validation/batch/reprompt/gemma4-e4b_p32_t1_feedback_2026-07-03_22-16-49_iter2.json
