qwen3-8b_p01_t1,2026-07-03_22-45-16,qwen3:8b,p01,simple,initial,1,0,0.2,96206,0,1,0,"{""other"": 1}",8.00392280000051,67,296,False,./html/batch/qwen3-8b_p01_t1_2026-07-03_22-45-16.html,./validation/batch/qwen3-8b_p01_t1_2026-07-03_22-45-16.json
qwen3-8b_p01_t1,2026-07-03_22-45-16,qwen3:8b,p01,simple,feedback,1,1,0.2,96206,0,0,0,{},2.8826542000006157,215,231,False,./html/batch/reprompt/qwen3-8b_p01_t1_feedback_2026-07-03_22-45-16_iter1.html,./validation/batch/reprompt/qwen3-8b_p01_t1_feedback_2026-07-03_22-45-16_iter1.json
qwen3-8b_p01_t1,2026-07-03_22-45-16,qwen3:8b,p01,simple,blind,1,1,0.2,96206,0,1,0,"{""other"": 1}",5.729886099999931,179,468,False,./html/batch/reprompt/qwen3-8b_p01_t1_blind_2026-07-03_22-45-16_iter1.html,./validation/batch/reprompt/qwen3-8b_p01_t1_blind_2026-07-03_22-45-16_iter1.json
qwen3-8b_p01_t1,2026-07-03_22-45-16,qwen3:8b,p01,simple,blind,1,2,0.2,96206,0,1,0,"{""other"": 1}",5.945399399999587,179,487,False,./html/batch/reprompt/qwen3-8b_p01_t1_blind_2026-07-03_22-45-16_iter2.html,./validation/batch/reprompt/qwen3-8b_p01_t1_blind_2026-07-03_22-45-16_iter2.json
qwen3-8b_p01_t1,2026-07-03_22-45-16,qwen3:8b,p01,simple,blind,1,3,0.2,96206,0,1,0,"{""other"": 1}",5.937741000001552,179,487,False,./html/batch/reprompt/qwen3-8b_p01_t1_blind_2026-07-03_22-45-16_iter3.html,./validation/batch/reprompt/qwen3-8b_p01_t1_blind_2026-07-03_22-45-16_iter3.json
qwen3-8b_p01_t2,2026-07-03_22-45-45,qwen3:8b,p01,simple,initial,2,0,0.2,96059,0,0,0,{},3.765208299999358,67,308,False,./html/batch/qwen3-8b_p01_t2_2026-07-03_22-45-45.html,./validation/batch/qwen3-8b_p01_t2_2026-07-03_22-45-45.json
qwen3-8b_p01_t3,2026-07-03_22-45-48,qwen3:8b,p01,simple,initial,3,0,0.2,81598,0,1,0,"{""other"": 1}",6.613077599999087,67,544,False,./html/batch/qwen3-8b_p01_t3_2026-07-03_22-45-48.html,./validation/batch/qwen3-8b_p01_t3_2026-07-03_22-45-48.json
qwen3-8b_p01_t3,2026-07-03_22-45-48,qwen3:8b,p01,simple,feedback,3,1,0.2,81598,0,0,0,{},6.123057099999642,319,497,False,./html/batch/reprompt/qwen3-8b_p01_t3_feedback_2026-07-03_22-45-48_iter1.html,./validation/batch/reprompt/qwen3-8b_p01_t3_feedback_2026-07-03_22-45-48_iter1.json
qwen3-8b_p01_t3,2026-07-03_22-45-48,qwen3:8b,p01,simple,blind,3,1,0.2,81598,0,1,0,"{""other"": 1}",7.37593840000045,283,603,False,./html/batch/reprompt/qwen3-8b_p01_t3_blind_2026-07-03_22-45-48_iter1.html,./validation/batch/reprompt/qwen3-8b_p01_t3_blind_2026-07-03_22-45-48_iter1.json
qwen3-8b_p01_t3,2026-07-03_22-45-48,qwen3:8b,p01,simple,blind,3,2,0.2,81598,0,1,0,"{""other"": 1}",6.855519200000344,283,561,False,./html/batch/reprompt/qwen3-8b_p01_t3_blind_2026-07-03_22-45-48_iter2.html,./validation/batch/reprompt/qwen3-8b_p01_t3_blind_2026-07-03_22-45-48_iter2.json
qwen3-8b_p01_t3,2026-07-03_22-45-48,qwen3:8b,p01,simple,blind,3,3,0.2,81598,0,1,0,"{""other"": 1}",6.860357800000202,283,561,False,./html/batch/reprompt/qwen3-8b_p01_t3_blind_2026-07-03_22-45-48_iter3.html,./validation/batch/reprompt/qwen3-8b_p01_t3_blind_2026-07-03_22-45-48_iter3.json
qwen3-8b_p02_t1,2026-07-03_22-46-22,qwen3:8b,p02,simple,initial,1,0,0.2,78406,0,1,0,"{""other"": 1}",7.9583880999998655,73,654,False,./html/batch/qwen3-8b_p02_t1_2026-07-03_22-46-22.html,./validation/batch/qwen3-8b_p02_t1_2026-07-03_22-46-22.json
qwen3-8b_p02_t1,2026-07-03_22-46-22,qwen3:8b,p02,simple,feedback,1,1,0.2,78406,0,0,0,{},6.906380000000354,404,558,False,./html/batch/reprompt/qwen3-8b_p02_t1_feedback_2026-07-03_22-46-22_iter1.html,./validation/batch/reprompt/qwen3-8b_p02_t1_feedback_2026-07-03_22-46-22_iter1.json
qwen3-8b_p02_t1,2026-07-03_22-46-22,qwen3:8b,p02,simple,blind,1,1,0.2,78406,0,1,0,"{""other"": 1}",10.03104919999896,368,817,False,./html/batch/reprompt/qwen3-8b_p02_t1_blind_2026-07-03_22-46-22_iter1.html,./validation/batch/reprompt/qwen3-8b_p02_t1_blind_2026-07-03_22-46-22_iter1.json
qwen3-8b_p02_t1,2026-07-03_22-46-22,qwen3:8b,p02,simple,blind,1,2,0.2,78406,0,1,0,"{""other"": 1}",12.018561200000477,368,979,False,./html/batch/reprompt/qwen3-8b_p02_t1_blind_2026-07-03_22-46-22_iter2.html,./validation/batch/reprompt/qwen3-8b_p02_t1_blind_2026-07-03_22-46-22_iter2.json
qwen3-8b_p02_t1,2026-07-03_22-46-22,qwen3:8b,p02,simple,blind,1,3,0.2,78406,0,1,0,"{""other"": 1}",12.008756500001255,368,979,False,./html/batch/reprompt/qwen3-8b_p02_t1_blind_2026-07-03_22-46-22_iter3.html,./validation/batch/reprompt/qwen3-8b_p02_t1_blind_2026-07-03_22-46-22_iter3.json
qwen3-8b_p02_t2,2026-07-03_22-47-11,qwen3:8b,p02,simple,initial,2,0,0.2,29997,0,1,0,"{""other"": 1}",8.250131999999212,73,678,False,./html/batch/qwen3-8b_p02_t2_2026-07-03_22-47-11.html,./validation/batch/qwen3-8b_p02_t2_2026-07-03_22-47-11.json
qwen3-8b_p02_t2,2026-07-03_22-47-11,qwen3:8b,p02,simple,feedback,2,1,0.2,29997,0,0,0,{},7.1419500000010885,395,578,False,./html/batch/reprompt/qwen3-8b_p02_t2_feedback_2026-07-03_22-47-11_iter1.html,./validation/batch/reprompt/qwen3-8b_p02_t2_feedback_2026-07-03_22-47-11_iter1.json
qwen3-8b_p02_t2,2026-07-03_22-47-11,qwen3:8b,p02,simple,blind,2,1,0.2,29997,0,1,0,"{""other"": 1}",13.915820999998687,359,1132,False,./html/batch/reprompt/qwen3-8b_p02_t2_blind_2026-07-03_22-47-11_iter1.html,./validation/batch/reprompt/qwen3-8b_p02_t2_blind_2026-07-03_22-47-11_iter1.json
qwen3-8b_p02_t2,2026-07-03_22-47-11,qwen3:8b,p02,simple,blind,2,2,0.2,29997,0,1,0,"{""other"": 1}",11.36519049999879,359,927,False,./html/batch/reprompt/qwen3-8b_p02_t2_blind_2026-07-03_22-47-11_iter2.html,./validation/batch/reprompt/qwen3-8b_p02_t2_blind_2026-07-03_22-47-11_iter2.json
qwen3-8b_p02_t2,2026-07-03_22-47-11,qwen3:8b,p02,simple,blind,2,3,0.2,29997,0,1,0,"{""other"": 1}",11.370366999999533,359,927,False,./html/batch/reprompt/qwen3-8b_p02_t2_blind_2026-07-03_22-47-11_iter3.html,./validation/batch/reprompt/qwen3-8b_p02_t2_blind_2026-07-03_22-47-11_iter3.json
qwen3-8b_p02_t3,2026-07-03_22-48-03,qwen3:8b,p02,simple,initial,3,0,0.2,92100,0,1,0,"{""other"": 1}",8.273807300000044,73,680,False,./html/batch/qwen3-8b_p02_t3_2026-07-03_22-48-03.html,./validation/batch/qwen3-8b_p02_t3_2026-07-03_22-48-03.json
qwen3-8b_p02_t3,2026-07-03_22-48-03,qwen3:8b,p02,simple,feedback,3,1,0.2,92100,0,0,0,{},7.561672799998632,400,612,False,./html/batch/reprompt/qwen3-8b_p02_t3_feedback_2026-07-03_22-48-03_iter1.html,./validation/batch/reprompt/qwen3-8b_p02_t3_feedback_2026-07-03_22-48-03_iter1.json
qwen3-8b_p02_t3,2026-07-03_22-48-03,qwen3:8b,p02,simple,blind,3,1,0.2,92100,0,1,0,"{""other"": 1}",10.1359465000005,364,826,False,./html/batch/reprompt/qwen3-8b_p02_t3_blind_2026-07-03_22-48-03_iter1.html,./validation/batch/reprompt/qwen3-8b_p02_t3_blind_2026-07-03_22-48-03_iter1.json
qwen3-8b_p02_t3,2026-07-03_22-48-03,qwen3:8b,p02,simple,blind,3,2,0.2,92100,0,1,0,"{""other"": 1}",9.151377700000012,364,746,False,./html/batch/reprompt/qwen3-8b_p02_t3_blind_2026-07-03_22-48-03_iter2.html,./validation/batch/reprompt/qwen3-8b_p02_t3_blind_2026-07-03_22-48-03_iter2.json
qwen3-8b_p02_t3,2026-07-03_22-48-03,qwen3:8b,p02,simple,blind,3,3,0.2,92100,0,1,0,"{""other"": 1}",9.145910899998853,364,746,False,./html/batch/reprompt/qwen3-8b_p02_t3_blind_2026-07-03_22-48-03_iter3.html,./validation/batch/reprompt/qwen3-8b_p02_t3_blind_2026-07-03_22-48-03_iter3.json
qwen3-8b_p03_t1,2026-07-03_22-48-48,qwen3:8b,p03,simple,initial,1,0,0.2,14655,2,1,0,"{""missing-doctype"": 1, ""missing-title"": 1, ""other"": 1}",568.5716962000006,74,40960,False,./html/batch/qwen3-8b_p03_t1_2026-07-03_22-48-48.html,./validation/batch/qwen3-8b_p03_t1_2026-07-03_22-48-48.json
qwen3-8b_p03_t1,2026-07-03_22-48-48,qwen3:8b,p03,simple,feedback,1,1,0.2,14655,0,1,0,"{""other"": 1}",8.002105600000505,203,600,False,./html/batch/reprompt/qwen3-8b_p03_t1_feedback_2026-07-03_22-48-48_iter1.html,./validation/batch/reprompt/qwen3-8b_p03_t1_feedback_2026-07-03_22-48-48_iter1.json
qwen3-8b_p03_t1,2026-07-03_22-48-48,qwen3:8b,p03,simple,feedback,1,2,0.2,14655,0,0,0,{},9.344080200000462,381,688,False,./html/batch/reprompt/qwen3-8b_p03_t1_feedback_2026-07-03_22-48-48_iter2.html,./validation/batch/reprompt/qwen3-8b_p03_t1_feedback_2026-07-03_22-48-48_iter2.json
qwen3-8b_p03_t1,2026-07-03_22-48-48,qwen3:8b,p03,simple,blind,1,1,0.2,14655,0,2,0,"{""other"": 2}",11.468894799998452,122,870,False,./html/batch/reprompt/qwen3-8b_p03_t1_blind_2026-07-03_22-48-48_iter1.html,./validation/batch/reprompt/qwen3-8b_p03_t1_blind_2026-07-03_22-48-48_iter1.json
qwen3-8b_p03_t1,2026-07-03_22-48-48,qwen3:8b,p03,simple,blind,1,2,0.2,14655,2,1,0,"{""missing-doctype"": 1, ""missing-title"": 1, ""other"": 1}",569.9394319999992,404,40960,False,./html/batch/reprompt/qwen3-8b_p03_t1_blind_2026-07-03_22-48-48_iter2.html,./validation/batch/reprompt/qwen3-8b_p03_t1_blind_2026-07-03_22-48-48_iter2.json
qwen3-8b_p03_t1,2026-07-03_22-48-48,qwen3:8b,p03,simple,blind,1,3,0.2,14655,0,2,0,"{""other"": 2}",10.937110399998346,122,830,False,./html/batch/reprompt/qwen3-8b_p03_t1_blind_2026-07-03_22-48-48_iter3.html,./validation/batch/reprompt/qwen3-8b_p03_t1_blind_2026-07-03_22-48-48_iter3.json
qwen3-8b_p03_t2,2026-07-03_23-08-26,qwen3:8b,p03,simple,initial,2,0,0.2,18328,0,1,0,"{""other"": 1}",30.26162999999906,74,2275,False,./html/batch/qwen3-8b_p03_t2_2026-07-03_23-08-26.html,./validation/batch/qwen3-8b_p03_t2_2026-07-03_23-08-26.json
qwen3-8b_p03_t2,2026-07-03_23-08-26,qwen3:8b,p03,simple,feedback,2,1,0.2,18328,0,0,0,{},9.020510500000455,517,675,False,./html/batch/reprompt/qwen3-8b_p03_t2_feedback_2026-07-03_23-08-26_iter1.html,./validation/batch/reprompt/qwen3-8b_p03_t2_feedback_2026-07-03_23-08-26_iter1.json
qwen3-8b_p03_t2,2026-07-03_23-08-26,qwen3:8b,p03,simple,blind,2,1,0.2,18328,0,1,0,"{""other"": 1}",20.716119900000194,481,1556,False,./html/batch/reprompt/qwen3-8b_p03_t2_blind_2026-07-03_23-08-26_iter1.html,./validation/batch/reprompt/qwen3-8b_p03_t2_blind_2026-07-03_23-08-26_iter1.json
qwen3-8b_p03_t2,2026-07-03_23-08-26,qwen3:8b,p03,simple,blind,2,2,0.2,18328,0,1,0,"{""other"": 1}",38.78702760000124,481,2856,False,./html/batch/reprompt/qwen3-8b_p03_t2_blind_2026-07-03_23-08-26_iter2.html,./validation/batch/reprompt/qwen3-8b_p03_t2_blind_2026-07-03_23-08-26_iter2.json
qwen3-8b_p03_t2,2026-07-03_23-08-26,qwen3:8b,p03,simple,blind,2,3,0.2,18328,0,1,0,"{""other"": 1}",9.146954399999231,435,689,False,./html/batch/reprompt/qwen3-8b_p03_t2_blind_2026-07-03_23-08-26_iter3.html,./validation/batch/reprompt/qwen3-8b_p03_t2_blind_2026-07-03_23-08-26_iter3.json
qwen3-8b_p03_t3,2026-07-03_23-10-14,qwen3:8b,p03,simple,initial,3,0,0.2,67606,0,1,0,"{""other"": 1}",12.74002610000025,74,969,False,./html/batch/qwen3-8b_p03_t3_2026-07-03_23-10-14.html,./validation/batch/qwen3-8b_p03_t3_2026-07-03_23-10-14.json
qwen3-8b_p03_t3,2026-07-03_23-10-14,qwen3:8b,p03,simple,feedback,3,1,0.2,67606,0,0,0,{},8.319633600000088,474,623,False,./html/batch/reprompt/qwen3-8b_p03_t3_feedback_2026-07-03_23-10-14_iter1.html,./validation/batch/reprompt/qwen3-8b_p03_t3_feedback_2026-07-03_23-10-14_iter1.json
qwen3-8b_p03_t3,2026-07-03_23-10-14,qwen3:8b,p03,simple,blind,3,1,0.2,67606,2,1,0,"{""missing-doctype"": 1, ""missing-title"": 1, ""other"": 1}",569.6997417000002,438,40960,False,./html/batch/reprompt/qwen3-8b_p03_t3_blind_2026-07-03_23-10-14_iter1.html,./validation/batch/reprompt/qwen3-8b_p03_t3_blind_2026-07-03_23-10-14_iter1.json
qwen3-8b_p03_t3,2026-07-03_23-10-14,qwen3:8b,p03,simple,blind,3,2,0.2,67606,0,2,0,"{""other"": 2}",14.28419329999997,122,1085,False,./html/batch/reprompt/qwen3-8b_p03_t3_blind_2026-07-03_23-10-14_iter2.html,./validation/batch/reprompt/qwen3-8b_p03_t3_blind_2026-07-03_23-10-14_iter2.json
qwen3-8b_p03_t3,2026-07-03_23-10-14,qwen3:8b,p03,simple,blind,3,3,0.2,67606,0,1,0,"{""other"": 1}",7.427556699998604,411,558,False,./html/batch/reprompt/qwen3-8b_p03_t3_blind_2026-07-03_23-10-14_iter3.html,./validation/batch/reprompt/qwen3-8b_p03_t3_blind_2026-07-03_23-10-14_iter3.json
qwen3-8b_p04_t1,2026-07-03_23-20-27,qwen3:8b,p04,simple,initial,1,0,0.2,79836,0,1,0,"{""other"": 1}",7.262530500000139,72,553,False,./html/batch/qwen3-8b_p04_t1_2026-07-03_23-20-27.html,./validation/batch/qwen3-8b_p04_t1_2026-07-03_23-20-27.json
qwen3-8b_p04_t1,2026-07-03_23-20-27,qwen3:8b,p04,simple,feedback,1,1,0.2,79836,0,0,0,{},4.992791200000283,276,375,False,./html/batch/reprompt/qwen3-8b_p04_t1_feedback_2026-07-03_23-20-27_iter1.html,./validation/batch/reprompt/qwen3-8b_p04_t1_feedback_2026-07-03_23-20-27_iter1.json
qwen3-8b_p04_t1,2026-07-03_23-20-27,qwen3:8b,p04,simple,blind,1,1,0.2,79836,0,1,0,"{""other"": 1}",9.133841000000757,240,692,False,./html/batch/reprompt/qwen3-8b_p04_t1_blind_2026-07-03_23-20-27_iter1.html,./validation/batch/reprompt/qwen3-8b_p04_t1_blind_2026-07-03_23-20-27_iter1.json
qwen3-8b_p04_t1,2026-07-03_23-20-27,qwen3:8b,p04,simple,blind,1,2,0.2,79836,0,1,0,"{""other"": 1}",8.37040579999848,240,635,False,./html/batch/reprompt/qwen3-8b_p04_t1_blind_2026-07-03_23-20-27_iter2.html,./validation/batch/reprompt/qwen3-8b_p04_t1_blind_2026-07-03_23-20-27_iter2.json
qwen3-8b_p04_t1,2026-07-03_23-20-27,qwen3:8b,p04,simple,blind,1,3,0.2,79836,0,1,0,"{""other"": 1}",8.368914299999233,240,635,False,./html/batch/reprompt/qwen3-8b_p04_t1_blind_2026-07-03_23-20-27_iter3.html,./validation/batch/reprompt/qwen3-8b_p04_t1_blind_2026-07-03_23-20-27_iter3.json
qwen3-8b_p04_t2,2026-07-03_23-21-05,qwen3:8b,p04,simple,initial,2,0,0.2,5723,0,1,0,"{""other"": 1}",7.453097599998728,72,567,False,./html/batch/qwen3-8b_p04_t2_2026-07-03_23-21-05.html,./validation/batch/qwen3-8b_p04_t2_2026-07-03_23-21-05.json
qwen3-8b_p04_t2,2026-07-03_23-21-05,qwen3:8b,p04,simple,feedback,2,1,0.2,5723,0,0,0,{},5.1643524000010075,276,388,False,./html/batch/reprompt/qwen3-8b_p04_t2_feedback_2026-07-03_23-21-05_iter1.html,./validation/batch/reprompt/qwen3-8b_p04_t2_feedback_2026-07-03_23-21-05_iter1.json
qwen3-8b_p04_t2,2026-07-03_23-21-05,qwen3:8b,p04,simple,blind,2,1,0.2,5723,0,1,0,"{""other"": 1}",15.164663199999268,240,1148,False,./html/batch/reprompt/qwen3-8b_p04_t2_blind_2026-07-03_23-21-05_iter1.html,./validation/batch/reprompt/qwen3-8b_p04_t2_blind_2026-07-03_23-21-05_iter1.json
qwen3-8b_p04_t2,2026-07-03_23-21-05,qwen3:8b,p04,simple,blind,2,2,0.2,5723,0,1,0,"{""other"": 1}",17.944370600000184,240,1357,False,./html/batch/reprompt/qwen3-8b_p04_t2_blind_2026-07-03_23-21-05_iter2.html,./validation/batch/reprompt/qwen3-8b_p04_t2_blind_2026-07-03_23-21-05_iter2.json
qwen3-8b_p04_t2,2026-07-03_23-21-05,qwen3:8b,p04,simple,blind,2,3,0.2,5723,0,1,0,"{""other"": 1}",17.937047299999904,240,1357,False,./html/batch/reprompt/qwen3-8b_p04_t2_blind_2026-07-03_23-21-05_iter3.html,./validation/batch/reprompt/qwen3-8b_p04_t2_blind_2026-07-03_23-21-05_iter3.json
qwen3-8b_p04_t3,2026-07-03_23-22-08,qwen3:8b,p04,simple,initial,3,0,0.2,78203,0,1,0,"{""other"": 1}",5.395458599999984,72,410,False,./html/batch/qwen3-8b_p04_t3_2026-07-03_23-22-08.html,./validation/batch/qwen3-8b_p04_t3_2026-07-03_23-22-08.json
qwen3-8b_p04_t3,2026-07-03_23-22-08,qwen3:8b,p04,simple,feedback,3,1,0.2,78203,0,0,0,{},4.735145300001022,276,355,False,./html/batch/reprompt/qwen3-8b_p04_t3_feedback_2026-07-03_23-22-08_iter1.html,./validation/batch/reprompt/qwen3-8b_p04_t3_feedback_2026-07-03_23-22-08_iter1.json
qwen3-8b_p04_t3,2026-07-03_23-22-08,qwen3:8b,p04,simple,blind,3,1,0.2,78203,0,1,0,"{""other"": 1}",8.814555299999483,240,668,False,./html/batch/reprompt/qwen3-8b_p04_t3_blind_2026-07-03_23-22-08_iter1.html,./validation/batch/reprompt/qwen3-8b_p04_t3_blind_2026-07-03_23-22-08_iter1.json
qwen3-8b_p04_t3,2026-07-03_23-22-08,qwen3:8b,p04,simple,blind,3,2,0.2,78203,0,1,0,"{""other"": 1}",14.633778600000369,240,1109,False,./html/batch/reprompt/qwen3-8b_p04_t3_blind_2026-07-03_23-22-08_iter2.html,./validation/batch/reprompt/qwen3-8b_p04_t3_blind_2026-07-03_23-22-08_iter2.json
qwen3-8b_p04_t3,2026-07-03_23-22-08,qwen3:8b,p04,simple,blind,3,3,0.2,78203,0,1,0,"{""other"": 1}",14.653164800000013,240,1109,False,./html/batch/reprompt/qwen3-8b_p04_t3_blind_2026-07-03_23-22-08_iter3.html,./validation/batch/reprompt/qwen3-8b_p04_t3_blind_2026-07-03_23-22-08_iter3.json
qwen3-8b_p05_t1,2026-07-03_23-22-57,qwen3:8b,p05,simple,initial,1,0,0.2,49283,0,1,0,"{""other"": 1}",7.254855000001044,69,552,False,./html/batch/qwen3-8b_p05_t1_2026-07-03_23-22-57.html,./validation/batch/qwen3-8b_p05_t1_2026-07-03_23-22-57.json
qwen3-8b_p05_t1,2026-07-03_23-22-57,qwen3:8b,p05,simple,feedback,1,1,0.2,49283,0,0,0,{},6.673237499999232,319,501,False,./html/batch/reprompt/qwen3-8b_p05_t1_feedback_2026-07-03_23-22-57_iter1.html,./validation/batch/reprompt/qwen3-8b_p05_t1_feedback_2026-07-03_23-22-57_iter1.json
qwen3-8b_p05_t1,2026-07-03_23-22-57,qwen3:8b,p05,simple,blind,1,1,0.2,49283,0,1,0,"{""other"": 1}",7.446522400001413,283,564,False,./html/batch/reprompt/qwen3-8b_p05_t1_blind_2026-07-03_23-22-57_iter1.html,./validation/batch/reprompt/qwen3-8b_p05_t1_blind_2026-07-03_23-22-57_iter1.json
qwen3-8b_p05_t1,2026-07-03_23-22-57,qwen3:8b,p05,simple,blind,1,2,0.2,49283,0,1,0,"{""other"": 1}",9.430781200000638,283,715,False,./html/batch/reprompt/qwen3-8b_p05_t1_blind_2026-07-03_23-22-57_iter2.html,./validation/batch/reprompt/qwen3-8b_p05_t1_blind_2026-07-03_23-22-57_iter2.json
qwen3-8b_p05_t1,2026-07-03_23-22-57,qwen3:8b,p05,simple,blind,1,3,0.2,49283,0,1,0,"{""other"": 1}",9.425480899999457,283,715,False,./html/batch/reprompt/qwen3-8b_p05_t1_blind_2026-07-03_23-22-57_iter3.html,./validation/batch/reprompt/qwen3-8b_p05_t1_blind_2026-07-03_23-22-57_iter3.json
qwen3-8b_p05_t2,2026-07-03_23-23-37,qwen3:8b,p05,simple,initial,2,0,0.2,78145,0,1,0,"{""other"": 1}",6.152182800000446,69,468,False,./html/batch/qwen3-8b_p05_t2_2026-07-03_23-23-37.html,./validation/batch/qwen3-8b_p05_t2_2026-07-03_23-23-37.json
qwen3-8b_p05_t2,2026-07-03_23-23-37,qwen3:8b,p05,simple,feedback,2,1,0.2,78145,0,0,0,{},6.070152700000108,290,457,False,./html/batch/reprompt/qwen3-8b_p05_t2_feedback_2026-07-03_23-23-37_iter1.html,./validation/batch/reprompt/qwen3-8b_p05_t2_feedback_2026-07-03_23-23-37_iter1.json
qwen3-8b_p05_t2,2026-07-03_23-23-37,qwen3:8b,p05,simple,blind,2,1,0.2,78145,0,1,0,"{""other"": 1}",17.268768199999613,254,1306,False,./html/batch/reprompt/qwen3-8b_p05_t2_blind_2026-07-03_23-23-37_iter1.html,./validation/batch/reprompt/qwen3-8b_p05_t2_blind_2026-07-03_23-23-37_iter1.json
qwen3-8b_p05_t2,2026-07-03_23-23-37,qwen3:8b,p05,simple,blind,2,2,0.2,78145,0,1,0,"{""other"": 1}",15.00724959999934,254,1137,False,./html/batch/reprompt/qwen3-8b_p05_t2_blind_2026-07-03_23-23-37_iter2.html,./validation/batch/reprompt/qwen3-8b_p05_t2_blind_2026-07-03_23-23-37_iter2.json
qwen3-8b_p05_t2,2026-07-03_23-23-37,qwen3:8b,p05,simple,blind,2,3,0.2,78145,0,1,0,"{""other"": 1}",15.003274099999544,254,1137,False,./html/batch/reprompt/qwen3-8b_p05_t2_blind_2026-07-03_23-23-37_iter3.html,./validation/batch/reprompt/qwen3-8b_p05_t2_blind_2026-07-03_23-23-37_iter3.json
qwen3-8b_p05_t3,2026-07-03_23-24-37,qwen3:8b,p05,simple,initial,3,0,0.2,24825,0,1,0,"{""other"": 1}",6.047067699999388,69,460,False,./html/batch/qwen3-8b_p05_t3_2026-07-03_23-24-37.html,./validation/batch/qwen3-8b_p05_t3_2026-07-03_23-24-37.json
qwen3-8b_p05_t3,2026-07-03_23-24-37,qwen3:8b,p05,simple,feedback,3,1,0.2,24825,0,0,0,{},6.183680999998614,228,466,False,./html/batch/reprompt/qwen3-8b_p05_t3_feedback_2026-07-03_23-24-37_iter1.html,./validation/batch/reprompt/qwen3-8b_p05_t3_feedback_2026-07-03_23-24-37_iter1.json
qwen3-8b_p05_t3,2026-07-03_23-24-37,qwen3:8b,p05,simple,blind,3,1,0.2,24825,0,1,0,"{""other"": 1}",9.24491979999948,192,702,False,./html/batch/reprompt/qwen3-8b_p05_t3_blind_2026-07-03_23-24-37_iter1.html,./validation/batch/reprompt/qwen3-8b_p05_t3_blind_2026-07-03_23-24-37_iter1.json
qwen3-8b_p05_t3,2026-07-03_23-24-37,qwen3:8b,p05,simple,blind,3,2,0.2,24825,0,1,0,"{""other"": 1}",5.336519799999223,192,405,False,./html/batch/reprompt/qwen3-8b_p05_t3_blind_2026-07-03_23-24-37_iter2.html,./validation/batch/reprompt/qwen3-8b_p05_t3_blind_2026-07-03_23-24-37_iter2.json
qwen3-8b_p05_t3,2026-07-03_23-24-37,qwen3:8b,p05,simple,blind,3,3,0.2,24825,0,1,0,"{""other"": 1}",5.3367477000010695,192,405,False,./html/batch/reprompt/qwen3-8b_p05_t3_blind_2026-07-03_23-24-37_iter3.html,./validation/batch/reprompt/qwen3-8b_p05_t3_blind_2026-07-03_23-24-37_iter3.json
qwen3-8b_p06_t1,2026-07-03_23-25-09,qwen3:8b,p06,simple,initial,1,0,0.2,49223,0,0,0,{},11.742850900000121,70,894,False,./html/batch/qwen3-8b_p06_t1_2026-07-03_23-25-09.html,./validation/batch/qwen3-8b_p06_t1_2026-07-03_23-25-09.json
qwen3-8b_p06_t2,2026-07-03_23-25-21,qwen3:8b,p06,simple,initial,2,0,0.2,6309,0,0,0,{},8.67686809999941,70,661,False,./html/batch/qwen3-8b_p06_t2_2026-07-03_23-25-21.html,./validation/batch/qwen3-8b_p06_t2_2026-07-03_23-25-21.json
qwen3-8b_p06_t3,2026-07-03_23-25-29,qwen3:8b,p06,simple,initial,3,0,0.2,42651,0,0,0,{},11.183013300000312,70,852,False,./html/batch/qwen3-8b_p06_t3_2026-07-03_23-25-29.html,./validation/batch/qwen3-8b_p06_t3_2026-07-03_23-25-29.json
qwen3-8b_p07_t1,2026-07-03_23-25-40,qwen3:8b,p07,simple,initial,1,0,0.2,73436,0,1,0,"{""other"": 1}",8.189021899999716,66,623,False,./html/batch/qwen3-8b_p07_t1_2026-07-03_23-25-40.html,./validation/batch/qwen3-8b_p07_t1_2026-07-03_23-25-40.json
qwen3-8b_p07_t1,2026-07-03_23-25-40,qwen3:8b,p07,simple,feedback,1,1,0.2,73436,0,0,0,{},4.704264899999544,274,353,False,./html/batch/reprompt/qwen3-8b_p07_t1_feedback_2026-07-03_23-25-40_iter1.html,./validation/batch/reprompt/qwen3-8b_p07_t1_feedback_2026-07-03_23-25-40_iter1.json
qwen3-8b_p07_t1,2026-07-03_23-25-40,qwen3:8b,p07,simple,blind,1,1,0.2,73436,0,1,0,"{""other"": 1}",4.939832000000024,238,373,False,./html/batch/reprompt/qwen3-8b_p07_t1_blind_2026-07-03_23-25-40_iter1.html,./validation/batch/reprompt/qwen3-8b_p07_t1_blind_2026-07-03_23-25-40_iter1.json
qwen3-8b_p07_t1,2026-07-03_23-25-40,qwen3:8b,p07,simple,blind,1,2,0.2,73436,0,1,0,"{""other"": 1}",4.925011500001347,238,373,False,./html/batch/reprompt/qwen3-8b_p07_t1_blind_2026-07-03_23-25-40_iter2.html,./validation/batch/reprompt/qwen3-8b_p07_t1_blind_2026-07-03_23-25-40_iter2.json
qwen3-8b_p07_t1,2026-07-03_23-25-40,qwen3:8b,p07,simple,blind,1,3,0.2,73436,0,1,0,"{""other"": 1}",4.929313999999067,238,373,False,./html/batch/reprompt/qwen3-8b_p07_t1_blind_2026-07-03_23-25-40_iter3.html,./validation/batch/reprompt/qwen3-8b_p07_t1_blind_2026-07-03_23-25-40_iter3.json
qwen3-8b_p07_t2,2026-07-03_23-26-08,qwen3:8b,p07,simple,initial,2,0,0.2,51341,0,0,0,{},8.022149099999297,66,610,False,./html/batch/qwen3-8b_p07_t2_2026-07-03_23-26-08.html,./validation/batch/qwen3-8b_p07_t2_2026-07-03_23-26-08.json
qwen3-8b_p07_t3,2026-07-03_23-26-16,qwen3:8b,p07,simple,initial,3,0,0.2,3227,0,1,0,"{""other"": 1}",8.087087099998826,66,616,False,./html/batch/qwen3-8b_p07_t3_2026-07-03_23-26-16.html,./validation/batch/qwen3-8b_p07_t3_2026-07-03_23-26-16.json
qwen3-8b_p07_t3,2026-07-03_23-26-16,qwen3:8b,p07,simple,feedback,3,1,0.2,3227,0,0,0,{},4.2440001999984815,274,318,False,./html/batch/reprompt/qwen3-8b_p07_t3_feedback_2026-07-03_23-26-16_iter1.html,./validation/batch/reprompt/qwen3-8b_p07_t3_feedback_2026-07-03_23-26-16_iter1.json
qwen3-8b_p07_t3,2026-07-03_23-26-16,qwen3:8b,p07,simple,blind,3,1,0.2,3227,0,1,0,"{""other"": 1}",8.4477052000002,238,640,False,./html/batch/reprompt/qwen3-8b_p07_t3_blind_2026-07-03_23-26-16_iter1.html,./validation/batch/reprompt/qwen3-8b_p07_t3_blind_2026-07-03_23-26-16_iter1.json
qwen3-8b_p07_t3,2026-07-03_23-26-16,qwen3:8b,p07,simple,blind,3,2,0.2,3227,0,1,0,"{""other"": 1}",5.260119900000063,238,398,False,./html/batch/reprompt/qwen3-8b_p07_t3_blind_2026-07-03_23-26-16_iter2.html,./validation/batch/reprompt/qwen3-8b_p07_t3_blind_2026-07-03_23-26-16_iter2.json
qwen3-8b_p07_t3,2026-07-03_23-26-16,qwen3:8b,p07,simple,blind,3,3,0.2,3227,0,1,0,"{""other"": 1}",5.253564200000255,238,398,False,./html/batch/reprompt/qwen3-8b_p07_t3_blind_2026-07-03_23-26-16_iter3.html,./validation/batch/reprompt/qwen3-8b_p07_t3_blind_2026-07-03_23-26-16_iter3.json
qwen3-8b_p10_t1,2026-07-03_23-26-48,qwen3:8b,p10,simple,initial,1,0,0.2,1245,0,0,0,{},9.209954199999629,67,700,False,./html/batch/qwen3-8b_p10_t1_2026-07-03_23-26-48.html,./validation/batch/qwen3-8b_p10_t1_2026-07-03_23-26-48.json
qwen3-8b_p10_t2,2026-07-03_23-26-57,qwen3:8b,p10,simple,initial,2,0,0.2,34844,0,1,0,"{""other"": 1}",7.802049599999009,67,594,False,./html/batch/qwen3-8b_p10_t2_2026-07-03_23-26-57.html,./validation/batch/qwen3-8b_p10_t2_2026-07-03_23-26-57.json
qwen3-8b_p10_t2,2026-07-03_23-26-57,qwen3:8b,p10,simple,feedback,2,1,0.2,34844,0,0,0,{},5.162182799998845,233,389,False,./html/batch/reprompt/qwen3-8b_p10_t2_feedback_2026-07-03_23-26-57_iter1.html,./validation/batch/reprompt/qwen3-8b_p10_t2_feedback_2026-07-03_23-26-57_iter1.json
qwen3-8b_p10_t2,2026-07-03_23-26-57,qwen3:8b,p10,simple,blind,2,1,0.2,34844,0,1,0,"{""other"": 1}",5.848241199999393,197,443,False,./html/batch/reprompt/qwen3-8b_p10_t2_blind_2026-07-03_23-26-57_iter1.html,./validation/batch/reprompt/qwen3-8b_p10_t2_blind_2026-07-03_23-26-57_iter1.json
qwen3-8b_p10_t2,2026-07-03_23-26-57,qwen3:8b,p10,simple,blind,2,2,0.2,34844,0,1,0,"{""other"": 1}",4.6486958999994386,197,352,False,./html/batch/reprompt/qwen3-8b_p10_t2_blind_2026-07-03_23-26-57_iter2.html,./validation/batch/reprompt/qwen3-8b_p10_t2_blind_2026-07-03_23-26-57_iter2.json
qwen3-8b_p10_t2,2026-07-03_23-26-57,qwen3:8b,p10,simple,blind,2,3,0.2,34844,0,1,0,"{""other"": 1}",4.64563310000085,197,352,False,./html/batch/reprompt/qwen3-8b_p10_t2_blind_2026-07-03_23-26-57_iter3.html,./validation/batch/reprompt/qwen3-8b_p10_t2_blind_2026-07-03_23-26-57_iter3.json
qwen3-8b_p10_t3,2026-07-03_23-27-25,qwen3:8b,p10,simple,initial,3,0,0.2,97060,0,1,0,"{""other"": 1}",10.2881940999996,67,783,False,./html/batch/qwen3-8b_p10_t3_2026-07-03_23-27-25.html,./validation/batch/qwen3-8b_p10_t3_2026-07-03_23-27-25.json
qwen3-8b_p10_t3,2026-07-03_23-27-25,qwen3:8b,p10,simple,feedback,3,1,0.2,97060,0,0,0,{},5.615904199999932,245,423,False,./html/batch/reprompt/qwen3-8b_p10_t3_feedback_2026-07-03_23-27-25_iter1.html,./validation/batch/reprompt/qwen3-8b_p10_t3_feedback_2026-07-03_23-27-25_iter1.json
qwen3-8b_p10_t3,2026-07-03_23-27-25,qwen3:8b,p10,simple,blind,3,1,0.2,97060,0,1,0,"{""other"": 1}",6.8299182999999175,209,518,False,./html/batch/reprompt/qwen3-8b_p10_t3_blind_2026-07-03_23-27-25_iter1.html,./validation/batch/reprompt/qwen3-8b_p10_t3_blind_2026-07-03_23-27-25_iter1.json
qwen3-8b_p10_t3,2026-07-03_23-27-25,qwen3:8b,p10,simple,blind,3,2,0.2,97060,0,1,0,"{""other"": 1}",12.326822499999253,235,934,False,./html/batch/reprompt/qwen3-8b_p10_t3_blind_2026-07-03_23-27-25_iter2.html,./validation/batch/reprompt/qwen3-8b_p10_t3_blind_2026-07-03_23-27-25_iter2.json
qwen3-8b_p10_t3,2026-07-03_23-27-25,qwen3:8b,p10,simple,blind,3,3,0.2,97060,0,1,0,"{""other"": 1}",7.94507060000069,235,603,False,./html/batch/reprompt/qwen3-8b_p10_t3_blind_2026-07-03_23-27-25_iter3.html,./validation/batch/reprompt/qwen3-8b_p10_t3_blind_2026-07-03_23-27-25_iter3.json
qwen3-8b_p14_t1,2026-07-03_23-28-08,qwen3:8b,p14,simple,initial,1,0,0.2,4413,0,0,0,{},10.182438299998466,73,775,False,./html/batch/qwen3-8b_p14_t1_2026-07-03_23-28-08.html,./validation/batch/qwen3-8b_p14_t1_2026-07-03_23-28-08.json
qwen3-8b_p14_t2,2026-07-03_23-28-18,qwen3:8b,p14,simple,initial,2,0,0.2,15999,0,0,0,{},10.772727300000042,73,820,False,./html/batch/qwen3-8b_p14_t2_2026-07-03_23-28-18.html,./validation/batch/qwen3-8b_p14_t2_2026-07-03_23-28-18.json
qwen3-8b_p14_t3,2026-07-03_23-28-29,qwen3:8b,p14,simple,initial,3,0,0.2,53964,0,1,0,"{""other"": 1}",18.232923800000208,73,1384,False,./html/batch/qwen3-8b_p14_t3_2026-07-03_23-28-29.html,./validation/batch/qwen3-8b_p14_t3_2026-07-03_23-28-29.json
qwen3-8b_p14_t3,2026-07-03_23-28-29,qwen3:8b,p14,simple,feedback,3,1,0.2,53964,0,0,0,{},11.263155000000552,544,842,False,./html/batch/reprompt/qwen3-8b_p14_t3_feedback_2026-07-03_23-28-29_iter1.html,./validation/batch/reprompt/qwen3-8b_p14_t3_feedback_2026-07-03_23-28-29_iter1.json
qwen3-8b_p14_t3,2026-07-03_23-28-29,qwen3:8b,p14,simple,blind,3,1,0.2,53964,0,1,0,"{""other"": 1}",18.749672899999496,486,1410,False,./html/batch/reprompt/qwen3-8b_p14_t3_blind_2026-07-03_23-28-29_iter1.html,./validation/batch/reprompt/qwen3-8b_p14_t3_blind_2026-07-03_23-28-29_iter1.json
qwen3-8b_p14_t3,2026-07-03_23-28-29,qwen3:8b,p14,simple,blind,3,2,0.2,53964,0,1,0,"{""other"": 1}",13.39648699999998,486,1011,False,./html/batch/reprompt/qwen3-8b_p14_t3_blind_2026-07-03_23-28-29_iter2.html,./validation/batch/reprompt/qwen3-8b_p14_t3_blind_2026-07-03_23-28-29_iter2.json
qwen3-8b_p14_t3,2026-07-03_23-28-29,qwen3:8b,p14,simple,blind,3,3,0.2,53964,0,1,0,"{""other"": 1}",13.394876399999703,486,1011,False,./html/batch/reprompt/qwen3-8b_p14_t3_blind_2026-07-03_23-28-29_iter3.html,./validation/batch/reprompt/qwen3-8b_p14_t3_blind_2026-07-03_23-28-29_iter3.json
qwen3-8b_p22_t1,2026-07-03_23-29-44,qwen3:8b,p22,simple,initial,1,0,0.2,97788,0,0,0,{},9.272077700001319,68,706,False,./html/batch/qwen3-8b_p22_t1_2026-07-03_23-29-44.html,./validation/batch/qwen3-8b_p22_t1_2026-07-03_23-29-44.json
qwen3-8b_p22_t2,2026-07-03_23-29-53,qwen3:8b,p22,simple,initial,2,0,0.2,80848,0,0,0,{},11.840207299999747,68,901,False,./html/batch/qwen3-8b_p22_t2_2026-07-03_23-29-53.html,./validation/batch/qwen3-8b_p22_t2_2026-07-03_23-29-53.json
qwen3-8b_p22_t3,2026-07-03_23-30-05,qwen3:8b,p22,simple,initial,3,0,0.2,98797,0,0,0,{},10.795281099999556,68,821,False,./html/batch/qwen3-8b_p22_t3_2026-07-03_23-30-05.html,./validation/batch/qwen3-8b_p22_t3_2026-07-03_23-30-05.json
qwen3-8b_p24_t1,2026-07-03_23-30-16,qwen3:8b,p24,simple,initial,1,0,0.2,48199,0,1,0,"{""other"": 1}",7.942551399999502,69,604,False,./html/batch/qwen3-8b_p24_t1_2026-07-03_23-30-16.html,./validation/batch/qwen3-8b_p24_t1_2026-07-03_23-30-16.json
qwen3-8b_p24_t1,2026-07-03_23-30-16,qwen3:8b,p24,simple,feedback,1,1,0.2,48199,0,0,0,{},10.417133900000408,480,782,False,./html/batch/reprompt/qwen3-8b_p24_t1_feedback_2026-07-03_23-30-16_iter1.html,./validation/batch/reprompt/qwen3-8b_p24_t1_feedback_2026-07-03_23-30-16_iter1.json
qwen3-8b_p24_t1,2026-07-03_23-30-16,qwen3:8b,p24,simple,blind,1,1,0.2,48199,0,1,0,"{""other"": 1}",16.261851299999762,444,1226,False,./html/batch/reprompt/qwen3-8b_p24_t1_blind_2026-07-03_23-30-16_iter1.html,./validation/batch/reprompt/qwen3-8b_p24_t1_blind_2026-07-03_23-30-16_iter1.json
qwen3-8b_p24_t1,2026-07-03_23-30-16,qwen3:8b,p24,simple,blind,1,2,0.2,48199,0,1,0,"{""other"": 1}",15.354810900000302,444,1158,False,./html/batch/reprompt/qwen3-8b_p24_t1_blind_2026-07-03_23-30-16_iter2.html,./validation/batch/reprompt/qwen3-8b_p24_t1_blind_2026-07-03_23-30-16_iter2.json
qwen3-8b_p24_t1,2026-07-03_23-30-16,qwen3:8b,p24,simple,blind,1,3,0.2,48199,0,1,0,"{""other"": 1}",15.33886750000056,444,1158,False,./html/batch/reprompt/qwen3-8b_p24_t1_blind_2026-07-03_23-30-16_iter3.html,./validation/batch/reprompt/qwen3-8b_p24_t1_blind_2026-07-03_23-30-16_iter3.json
qwen3-8b_p24_t2,2026-07-03_23-31-21,qwen3:8b,p24,simple,initial,2,0,0.2,27662,0,1,0,"{""other"": 1}",9.028031699999701,69,687,False,./html/batch/qwen3-8b_p24_t2_2026-07-03_23-31-21.html,./validation/batch/qwen3-8b_p24_t2_2026-07-03_23-31-21.json
qwen3-8b_p24_t2,2026-07-03_23-31-21,qwen3:8b,p24,simple,feedback,2,1,0.2,27662,0,0,0,{},8.56278999999995,505,641,False,./html/batch/reprompt/qwen3-8b_p24_t2_feedback_2026-07-03_23-31-21_iter1.html,./validation/batch/reprompt/qwen3-8b_p24_t2_feedback_2026-07-03_23-31-21_iter1.json
qwen3-8b_p24_t2,2026-07-03_23-31-21,qwen3:8b,p24,simple,blind,2,1,0.2,27662,0,1,0,"{""other"": 1}",14.819051899999977,469,1118,False,./html/batch/reprompt/qwen3-8b_p24_t2_blind_2026-07-03_23-31-21_iter1.html,./validation/batch/reprompt/qwen3-8b_p24_t2_blind_2026-07-03_23-31-21_iter1.json
qwen3-8b_p24_t2,2026-07-03_23-31-21,qwen3:8b,p24,simple,blind,2,2,0.2,27662,0,1,0,"{""other"": 1}",15.77946669999983,469,1190,False,./html/batch/reprompt/qwen3-8b_p24_t2_blind_2026-07-03_23-31-21_iter2.html,./validation/batch/reprompt/qwen3-8b_p24_t2_blind_2026-07-03_23-31-21_iter2.json
qwen3-8b_p24_t2,2026-07-03_23-31-21,qwen3:8b,p24,simple,blind,2,3,0.2,27662,0,1,0,"{""other"": 1}",15.773296800000026,469,1190,False,./html/batch/reprompt/qwen3-8b_p24_t2_blind_2026-07-03_23-31-21_iter3.html,./validation/batch/reprompt/qwen3-8b_p24_t2_blind_2026-07-03_23-31-21_iter3.json
qwen3-8b_p24_t3,2026-07-03_23-32-25,qwen3:8b,p24,simple,initial,3,0,0.2,88410,0,1,0,"{""other"": 1}",7.9599586999993335,69,606,False,./html/batch/qwen3-8b_p24_t3_2026-07-03_23-32-25.html,./validation/batch/qwen3-8b_p24_t3_2026-07-03_23-32-25.json
qwen3-8b_p24_t3,2026-07-03_23-32-25,qwen3:8b,p24,simple,feedback,3,1,0.2,88410,0,0,0,{},8.747266500000478,490,656,False,./html/batch/reprompt/qwen3-8b_p24_t3_feedback_2026-07-03_23-32-25_iter1.html,./validation/batch/reprompt/qwen3-8b_p24_t3_feedback_2026-07-03_23-32-25_iter1.json
qwen3-8b_p24_t3,2026-07-03_23-32-25,qwen3:8b,p24,simple,blind,3,1,0.2,88410,2,1,0,"{""missing-doctype"": 1, ""missing-title"": 1, ""other"": 1}",279.6103108999996,454,20150,True,./html/batch/reprompt/qwen3-8b_p24_t3_blind_2026-07-03_23-32-25_iter1.html,./validation/batch/reprompt/qwen3-8b_p24_t3_blind_2026-07-03_23-32-25_iter1.json
qwen3-8b_p24_t3,2026-07-03_23-32-25,qwen3:8b,p24,simple,blind,3,2,0.2,88410,0,1,0,"{""other"": 1}",8.378405399998883,175,635,False,./html/batch/reprompt/qwen3-8b_p24_t3_blind_2026-07-03_23-32-25_iter2.html,./validation/batch/reprompt/qwen3-8b_p24_t3_blind_2026-07-03_23-32-25_iter2.json
qwen3-8b_p24_t3,2026-07-03_23-32-25,qwen3:8b,p24,simple,blind,3,3,0.2,88410,0,1,0,"{""other"": 1}",22.277170499999556,330,1675,False,./html/batch/reprompt/qwen3-8b_p24_t3_blind_2026-07-03_23-32-25_iter3.html,./validation/batch/reprompt/qwen3-8b_p24_t3_blind_2026-07-03_23-32-25_iter3.json
qwen3-8b_p25_t1,2026-07-03_23-37-52,qwen3:8b,p25,simple,initial,1,0,0.2,15083,2,1,0,"{""missing-doctype"": 1, ""missing-title"": 1, ""other"": 1}",579.3786936999986,68,40960,False,./html/batch/qwen3-8b_p25_t1_2026-07-03_23-37-52.html,./validation/batch/qwen3-8b_p25_t1_2026-07-03_23-37-52.json
qwen3-8b_p25_t1,2026-07-03_23-37-52,qwen3:8b,p25,simple,feedback,1,1,0.2,15083,0,0,0,{},5.590319899998576,197,411,False,./html/batch/reprompt/qwen3-8b_p25_t1_feedback_2026-07-03_23-37-52_iter1.html,./validation/batch/reprompt/qwen3-8b_p25_t1_feedback_2026-07-03_23-37-52_iter1.json
qwen3-8b_p25_t1,2026-07-03_23-37-52,qwen3:8b,p25,simple,blind,1,1,0.2,15083,1,0,0,"{""other"": 1}",9.539954300002137,116,716,False,./html/batch/reprompt/qwen3-8b_p25_t1_blind_2026-07-03_23-37-52_iter1.html,./validation/batch/reprompt/qwen3-8b_p25_t1_blind_2026-07-03_23-37-52_iter1.json
qwen3-8b_p25_t1,2026-07-03_23-37-52,qwen3:8b,p25,simple,blind,1,2,0.2,15083,1,0,0,"{""other"": 1}",13.627876599999581,418,981,False,./html/batch/reprompt/qwen3-8b_p25_t1_blind_2026-07-03_23-37-52_iter2.html,./validation/batch/reprompt/qwen3-8b_p25_t1_blind_2026-07-03_23-37-52_iter2.json
qwen3-8b_p25_t1,2026-07-03_23-37-52,qwen3:8b,p25,simple,blind,1,3,0.2,15083,1,0,0,"{""other"": 1}",14.668371799998567,418,1063,False,./html/batch/reprompt/qwen3-8b_p25_t1_blind_2026-07-03_23-37-52_iter3.html,./validation/batch/reprompt/qwen3-8b_p25_t1_blind_2026-07-03_23-37-52_iter3.json





qwen2.5-coder-14b_p01_t1,2026-07-06_02-20-26,qwen2.5-coder:14b,p01,simple,initial,1,0,0.2,96163,0,0,0,{},10.917001500005426,65,93,True,./html/batch/qwen2.5-coder-14b_p01_t1_2026-07-06_02-20-26.html,./validation/batch/qwen2.5-coder-14b_p01_t1_2026-07-06_02-20-26.json
qwen2.5-coder-14b_p01_t2,2026-07-06_02-20-37,qwen2.5-coder:14b,p01,simple,initial,2,0,0.2,18799,0,0,0,{},2.9467537999953493,65,93,True,./html/batch/qwen2.5-coder-14b_p01_t2_2026-07-06_02-20-37.html,./validation/batch/qwen2.5-coder-14b_p01_t2_2026-07-06_02-20-37.json
qwen2.5-coder-14b_p01_t3,2026-07-06_02-20-40,qwen2.5-coder:14b,p01,simple,initial,3,0,0.2,48438,0,0,0,{},2.9436643999943044,65,93,True,./html/batch/qwen2.5-coder-14b_p01_t3_2026-07-06_02-20-40.html,./validation/batch/qwen2.5-coder-14b_p01_t3_2026-07-06_02-20-40.json
qwen2.5-coder-14b_p02_t1,2026-07-06_02-20-43,qwen2.5-coder:14b,p02,simple,initial,1,0,0.2,42723,0,0,0,{},7.6278575000033015,71,243,True,./html/batch/qwen2.5-coder-14b_p02_t1_2026-07-06_02-20-43.html,./validation/batch/qwen2.5-coder-14b_p02_t1_2026-07-06_02-20-43.json
qwen2.5-coder-14b_p02_t2,2026-07-06_02-20-51,qwen2.5-coder:14b,p02,simple,initial,2,0,0.2,50117,0,0,0,{},8.117247599999246,71,260,True,./html/batch/qwen2.5-coder-14b_p02_t2_2026-07-06_02-20-51.html,./validation/batch/qwen2.5-coder-14b_p02_t2_2026-07-06_02-20-51.json
qwen2.5-coder-14b_p02_t3,2026-07-06_02-20-59,qwen2.5-coder:14b,p02,simple,initial,3,0,0.2,40015,0,0,0,{},8.115569399997185,71,260,True,./html/batch/qwen2.5-coder-14b_p02_t3_2026-07-06_02-20-59.html,./validation/batch/qwen2.5-coder-14b_p02_t3_2026-07-06_02-20-59.json
qwen2.5-coder-14b_p03_t1,2026-07-06_02-21-07,qwen2.5-coder:14b,p03,simple,initial,1,0,0.2,44826,0,0,0,{},12.824456999995164,72,412,True,./html/batch/qwen2.5-coder-14b_p03_t1_2026-07-06_02-21-07.html,./validation/batch/qwen2.5-coder-14b_p03_t1_2026-07-06_02-21-07.json
qwen2.5-coder-14b_p03_t2,2026-07-06_02-21-20,qwen2.5-coder:14b,p03,simple,initial,2,0,0.2,99313,0,0,0,{},14.553947899999912,72,468,True,./html/batch/qwen2.5-coder-14b_p03_t2_2026-07-06_02-21-20.html,./validation/batch/qwen2.5-coder-14b_p03_t2_2026-07-06_02-21-20.json
qwen2.5-coder-14b_p03_t3,2026-07-06_02-21-34,qwen2.5-coder:14b,p03,simple,initial,3,0,0.2,61306,0,0,0,{},12.903046399995219,72,415,True,./html/batch/qwen2.5-coder-14b_p03_t3_2026-07-06_02-21-34.html,./validation/batch/qwen2.5-coder-14b_p03_t3_2026-07-06_02-21-34.json
qwen2.5-coder-14b_p04_t1,2026-07-06_02-21-47,qwen2.5-coder:14b,p04,simple,initial,1,0,0.2,36371,0,0,0,{},4.812221799998952,70,153,True,./html/batch/qwen2.5-coder-14b_p04_t1_2026-07-06_02-21-47.html,./validation/batch/qwen2.5-coder-14b_p04_t1_2026-07-06_02-21-47.json
qwen2.5-coder-14b_p04_t2,2026-07-06_02-21-52,qwen2.5-coder:14b,p04,simple,initial,2,0,0.2,45083,0,0,0,{},4.8620627999989665,70,155,True,./html/batch/qwen2.5-coder-14b_p04_t2_2026-07-06_02-21-52.html,./validation/batch/qwen2.5-coder-14b_p04_t2_2026-07-06_02-21-52.json
qwen2.5-coder-14b_p04_t3,2026-07-06_02-21-57,qwen2.5-coder:14b,p04,simple,initial,3,0,0.2,73479,0,0,0,{},4.7350175000028685,70,151,True,./html/batch/qwen2.5-coder-14b_p04_t3_2026-07-06_02-21-57.html,./validation/batch/qwen2.5-coder-14b_p04_t3_2026-07-06_02-21-57.json
qwen2.5-coder-14b_p05_t1,2026-07-06_02-22-02,qwen2.5-coder:14b,p05,simple,initial,1,0,0.2,83165,1,0,0,"{""disallowed-child"": 1}",5.682353399999556,67,181,True,./html/batch/qwen2.5-coder-14b_p05_t1_2026-07-06_02-22-02.html,./validation/batch/qwen2.5-coder-14b_p05_t1_2026-07-06_02-22-02.json
qwen2.5-coder-14b_p05_t1,2026-07-06_02-22-02,qwen2.5-coder:14b,p05,simple,feedback,1,1,0.2,83165,0,0,0,{},5.651213599994662,333,177,False,./html/batch/reprompt/qwen2.5-coder-14b_p05_t1_feedback_2026-07-06_02-22-02_iter1.html,./validation/batch/reprompt/qwen2.5-coder-14b_p05_t1_feedback_2026-07-06_02-22-02_iter1.json
qwen2.5-coder-14b_p05_t1,2026-07-06_02-22-02,qwen2.5-coder:14b,p05,simple,blind,1,1,0.2,83165,1,0,0,"{""disallowed-child"": 1}",5.576936299999943,291,177,False,./html/batch/reprompt/qwen2.5-coder-14b_p05_t1_blind_2026-07-06_02-22-02_iter1.html,./validation/batch/reprompt/qwen2.5-coder-14b_p05_t1_blind_2026-07-06_02-22-02_iter1.json
qwen2.5-coder-14b_p05_t1,2026-07-06_02-22-02,qwen2.5-coder:14b,p05,simple,blind,1,2,0.2,83165,0,0,0,{},5.807072000003245,291,185,False,./html/batch/reprompt/qwen2.5-coder-14b_p05_t1_blind_2026-07-06_02-22-02_iter2.html,./validation/batch/reprompt/qwen2.5-coder-14b_p05_t1_blind_2026-07-06_02-22-02_iter2.json
qwen2.5-coder-14b_p05_t2,2026-07-06_02-22-24,qwen2.5-coder:14b,p05,simple,initial,2,0,0.2,19311,0,0,0,{},3.318301600003906,67,105,True,./html/batch/qwen2.5-coder-14b_p05_t2_2026-07-06_02-22-24.html,./validation/batch/qwen2.5-coder-14b_p05_t2_2026-07-06_02-22-24.json
qwen2.5-coder-14b_p05_t3,2026-07-06_02-22-28,qwen2.5-coder:14b,p05,simple,initial,3,0,0.2,1194,1,0,0,"{""disallowed-child"": 1}",5.677495699994324,67,181,True,./html/batch/qwen2.5-coder-14b_p05_t3_2026-07-06_02-22-28.html,./validation/batch/qwen2.5-coder-14b_p05_t3_2026-07-06_02-22-28.json
qwen2.5-coder-14b_p05_t3,2026-07-06_02-22-28,qwen2.5-coder:14b,p05,simple,feedback,3,1,0.2,1194,0,0,0,{},5.644101600002614,333,177,False,./html/batch/reprompt/qwen2.5-coder-14b_p05_t3_feedback_2026-07-06_02-22-28_iter1.html,./validation/batch/reprompt/qwen2.5-coder-14b_p05_t3_feedback_2026-07-06_02-22-28_iter1.json
qwen2.5-coder-14b_p05_t3,2026-07-06_02-22-28,qwen2.5-coder:14b,p05,simple,blind,3,1,0.2,1194,0,0,0,{},5.823174500001187,291,185,False,./html/batch/reprompt/qwen2.5-coder-14b_p05_t3_blind_2026-07-06_02-22-28_iter1.html,./validation/batch/reprompt/qwen2.5-coder-14b_p05_t3_blind_2026-07-06_02-22-28_iter1.json
qwen2.5-coder-14b_p06_t1,2026-07-06_02-22-45,qwen2.5-coder:14b,p06,simple,initial,1,0,0.2,80940,0,0,0,{},7.933590499997081,68,254,True,./html/batch/qwen2.5-coder-14b_p06_t1_2026-07-06_02-22-45.html,./validation/batch/qwen2.5-coder-14b_p06_t1_2026-07-06_02-22-45.json
qwen2.5-coder-14b_p06_t2,2026-07-06_02-22-53,qwen2.5-coder:14b,p06,simple,initial,2,0,0.2,97477,0,0,0,{},9.444185699998343,68,254,True,./html/batch/qwen2.5-coder-14b_p06_t2_2026-07-06_02-22-53.html,./validation/batch/qwen2.5-coder-14b_p06_t2_2026-07-06_02-22-53.json
qwen2.5-coder-14b_p06_t3,2026-07-06_02-23-02,qwen2.5-coder:14b,p06,simple,initial,3,0,0.2,51661,0,0,0,{},8.118825799996557,68,254,True,./html/batch/qwen2.5-coder-14b_p06_t3_2026-07-06_02-23-02.html,./validation/batch/qwen2.5-coder-14b_p06_t3_2026-07-06_02-23-02.json
qwen2.5-coder-14b_p07_t1,2026-07-06_02-23-10,qwen2.5-coder:14b,p07,simple,initial,1,0,0.2,51084,0,0,0,{},5.597163099999307,64,175,True,./html/batch/qwen2.5-coder-14b_p07_t1_2026-07-06_02-23-10.html,./validation/batch/qwen2.5-coder-14b_p07_t1_2026-07-06_02-23-10.json
